scenario,year,analysis,region,sector,indicator,value,unit
baseline,2011,hotspot,España,Agricultura y pesca,output,104429.59232231394,M€
baseline,2011,hotspot,España,Agricultura y pesca,value_added,36121.51652594879,M€
baseline,2011,hotspot,España,Agricultura y pesca,employment,1879.732661801651,kpersonas
baseline,2011,hotspot,España,Agricultura y pesca,co2eq,3.449624219191845,Mt CO₂eq
baseline,2011,hotspot,España,Agricultura y pesca,materials,0.25766027598875446,Mt
baseline,2011,hotspot,España,Agricultura y pesca,energy,19048.831589145644,TJ
baseline,2011,hotspot,España,Minería y extracción,output,82357.29149000367,M€
baseline,2011,hotspot,España,Minería y extracción,value_added,31862.630678410398,M€
baseline,2011,hotspot,España,Minería y extracción,employment,290.23408770603373,kpersonas
baseline,2011,hotspot,España,Minería y extracción,co2eq,2.8675481496086643,Mt CO₂eq
baseline,2011,hotspot,España,Minería y extracción,materials,0.1780669352293234,Mt
baseline,2011,hotspot,España,Minería y extracción,energy,8900.57801061231,TJ
baseline,2011,hotspot,España,Alimentación y bebidas,output,167853.43686700345,M€
baseline,2011,hotspot,España,Alimentación y bebidas,value_added,54806.818934235256,M€
baseline,2011,hotspot,España,Alimentación y bebidas,employment,538.1462354156924,kpersonas
baseline,2011,hotspot,España,Alimentación y bebidas,co2eq,6.509731006280805,Mt CO₂eq
baseline,2011,hotspot,España,Alimentación y bebidas,materials,0.379837799338632,Mt
baseline,2011,hotspot,España,Alimentación y bebidas,energy,14602.632817913738,TJ
baseline,2011,hotspot,España,Textil y calzado,output,71848.03363734928,M€
baseline,2011,hotspot,España,Textil y calzado,value_added,30786.31787586021,M€
baseline,2011,hotspot,España,Textil y calzado,employment,324.8343270804651,kpersonas
baseline,2011,hotspot,España,Textil y calzado,co2eq,1.981486455979067,Mt CO₂eq
baseline,2011,hotspot,España,Textil y calzado,materials,0.17615863102497828,Mt
baseline,2011,hotspot,España,Textil y calzado,energy,8173.868211668501,TJ
baseline,2011,hotspot,España,"Madera, papel e imprenta",output,76355.53919500225,M€
baseline,2011,hotspot,España,"Madera, papel e imprenta",value_added,31594.236912076733,M€
baseline,2011,hotspot,España,"Madera, papel e imprenta",employment,263.21666625542645,kpersonas
baseline,2011,hotspot,España,"Madera, papel e imprenta",co2eq,1.923919847616697,Mt CO₂eq
baseline,2011,hotspot,España,"Madera, papel e imprenta",materials,0.12577967331330756,Mt
baseline,2011,hotspot,España,"Madera, papel e imprenta",energy,8798.544297027622,TJ
baseline,2011,hotspot,España,Productos químicos,output,118514.05760311338,M€
baseline,2011,hotspot,España,Productos químicos,value_added,48344.188411665345,M€
baseline,2011,hotspot,España,Productos químicos,employment,278.5791055531733,kpersonas
baseline,2011,hotspot,España,Productos químicos,co2eq,41.47992016108969,Mt CO₂eq
baseline,2011,hotspot,España,Productos químicos,materials,0.2277665959476188,Mt
baseline,2011,hotspot,España,Productos químicos,energy,296285.14400778344,TJ
baseline,2011,hotspot,España,Refino y combustibles,output,114733.76154188944,M€
baseline,2011,hotspot,España,Refino y combustibles,value_added,22946.75230837789,M€
baseline,2011,hotspot,España,Refino y combustibles,employment,283.6245672215019,kpersonas
baseline,2011,hotspot,España,Refino y combustibles,co2eq,68.84025692513366,Mt CO₂eq
baseline,2011,hotspot,España,Refino y combustibles,materials,0.09746546938957125,Mt
baseline,2011,hotspot,España,Refino y combustibles,energy,458935.04616755777,TJ
baseline,2011,hotspot,España,Plásticos y caucho,output,82402.9153053375,M€
baseline,2011,hotspot,España,Plásticos y caucho,value_added,32474.686182205183,M€
baseline,2011,hotspot,España,Plásticos y caucho,employment,481.85851774777734,kpersonas
baseline,2011,hotspot,España,Plásticos y caucho,co2eq,3.855843341072857,Mt CO₂eq
baseline,2011,hotspot,España,Plásticos y caucho,materials,0.06479548752641599,Mt
baseline,2011,hotspot,España,Plásticos y caucho,energy,14343.692952387184,TJ
baseline,2011,hotspot,España,Acero y metalurgia primaria,output,144085.56888347416,M€
baseline,2011,hotspot,España,Acero y metalurgia primaria,value_added,36021.39222086854,M€
baseline,2011,hotspot,España,Acero y metalurgia primaria,employment,811.8246005555302,kpersonas
baseline,2011,hotspot,España,Acero y metalurgia primaria,co2eq,100.85989821843191,Mt CO₂eq
baseline,2011,hotspot,España,Acero y metalurgia primaria,materials,4.034395928737276,Mt
baseline,2011,hotspot,España,Acero y metalurgia primaria,energy,504299.4910921596,TJ
baseline,2011,hotspot,España,Acero secundario y reciclaje,output,24154.359860686603,M€
baseline,2011,hotspot,España,Acero secundario y reciclaje,value_added,9600.802258435884,M€
baseline,2011,hotspot,España,Acero secundario y reciclaje,employment,115.91263134999097,kpersonas
baseline,2011,hotspot,España,Acero secundario y reciclaje,co2eq,6.03858996517165,Mt CO₂eq
baseline,2011,hotspot,España,Acero secundario y reciclaje,materials,0.5313959169351052,Mt
baseline,2011,hotspot,España,Acero secundario y reciclaje,energy,3110.2705281203416,TJ
baseline,2011,hotspot,España,Maquinaria y equipos,output,145139.46745118912,M€
baseline,2011,hotspot,España,Maquinaria y equipos,value_added,45380.27080528483,M€
baseline,2011,hotspot,España,Maquinaria y equipos,employment,444.6318333723896,kpersonas
baseline,2011,hotspot,España,Maquinaria y equipos,co2eq,6.968233508194144,Mt CO₂eq
baseline,2011,hotspot,España,Maquinaria y equipos,materials,1.451394674511891,Mt
baseline,2011,hotspot,España,Maquinaria y equipos,energy,25788.735611075976,TJ
baseline,2011,hotspot,España,Equipos electrónicos,output,124753.73229666395,M€
baseline,2011,hotspot,España,Equipos electrónicos,value_added,45207.148489603715,M€
baseline,2011,hotspot,España,Equipos electrónicos,employment,733.1409459048818,kpersonas
baseline,2011,hotspot,España,Equipos electrónicos,co2eq,4.053830820228606,Mt CO₂eq
baseline,2011,hotspot,España,Equipos electrónicos,materials,0.3009680228116636,Mt
baseline,2011,hotspot,España,Equipos electrónicos,energy,12479.957977848077,TJ
baseline,2011,hotspot,España,Vehículos y partes,output,138982.5713283841,M€
baseline,2011,hotspot,España,Vehículos y partes,value_added,42562.318131570064,M€
baseline,2011,hotspot,España,Vehículos y partes,employment,710.8963548866468,kpersonas
baseline,2011,hotspot,España,Vehículos y partes,co2eq,7.406435715013894,Mt CO₂eq
baseline,2011,hotspot,España,Vehículos y partes,materials,2.5016862839109137,Mt
baseline,2011,hotspot,España,Vehículos y partes,energy,11497.395585191796,TJ
baseline,2011,hotspot,España,Construcción,output,211961.98233630008,M€
baseline,2011,hotspot,España,Construcción,value_added,79294.6856963402,M€
baseline,2011,hotspot,España,Construcción,employment,1907.6578410267007,kpersonas
baseline,2011,hotspot,España,Construcción,co2eq,38.153156820534015,Mt CO₂eq
baseline,2011,hotspot,España,Construcción,materials,7.418669381770502,Mt
baseline,2011,hotspot,España,Construcción,energy,169569.58586904008,TJ
baseline,2011,hotspot,España,Comercio mayorista y minorista,output,258241.07397587402,M€
baseline,2011,hotspot,España,Comercio mayorista y minorista,value_added,90249.87925313255,M€
baseline,2011,hotspot,España,Comercio mayorista y minorista,employment,3098.892887710488,kpersonas
baseline,2011,hotspot,España,Comercio mayorista y minorista,co2eq,9.167334789244803,Mt CO₂eq
baseline,2011,hotspot,España,Comercio mayorista y minorista,materials,0.4901461814026741,Mt
baseline,2011,hotspot,España,Comercio mayorista y minorista,energy,43044.428457414986,TJ
baseline,2011,hotspot,España,Transporte y logística,output,184458.7179895058,M€
baseline,2011,hotspot,España,Transporte y logística,value_added,59336.42738635737,M€
baseline,2011,hotspot,España,Transporte y logística,employment,569.7867539046867,kpersonas
baseline,2011,hotspot,España,Transporte y logística,co2eq,46.11467949737645,Mt CO₂eq
baseline,2011,hotspot,España,Transporte y logística,materials,0.23239497254828795,Mt
baseline,2011,hotspot,España,Transporte y logística,energy,24980.37125044623,TJ
baseline,2011,hotspot,España,Energía y suministros,output,131601.55619142475,M€
baseline,2011,hotspot,España,Energía y suministros,value_added,41521.66557749234,M€
baseline,2011,hotspot,España,Energía y suministros,employment,313.9439148716064,kpersonas
baseline,2011,hotspot,España,Energía y suministros,co2eq,105.28124495313979,Mt CO₂eq
baseline,2011,hotspot,España,Energía y suministros,materials,0.07593996556468915,Mt
baseline,2011,hotspot,España,Energía y suministros,energy,789609.3371485485,TJ
baseline,2011,hotspot,España,Servicios financieros y empresariales,output,266486.6247921338,M€
baseline,2011,hotspot,España,Servicios financieros y empresariales,value_added,146567.6436356736,M€
baseline,2011,hotspot,España,Servicios financieros y empresariales,employment,2131.8929983370704,kpersonas
baseline,2011,hotspot,España,Servicios financieros y empresariales,co2eq,6.819419202377195,Mt CO₂eq
baseline,2011,hotspot,España,Servicios financieros y empresariales,materials,0.4241916700074789,Mt
baseline,2011,hotspot,España,Servicios financieros y empresariales,energy,37341.537701814195,TJ
baseline,2011,hotspot,España,Salud y educación,output,129559.53646941234,M€
baseline,2011,hotspot,España,Salud y educación,value_added,77735.7218816474,M€
baseline,2011,hotspot,España,Salud y educación,employment,1813.8335105717726,kpersonas
baseline,2011,hotspot,España,Salud y educación,co2eq,3.6271912913525854,Mt CO₂eq
baseline,2011,hotspot,España,Salud y educación,materials,0.13428349509455295,Mt
baseline,2011,hotspot,España,Salud y educación,energy,12732.781168696942,TJ
baseline,2011,hotspot,España,Otros servicios,output,76853.82018358448,M€
baseline,2011,hotspot,España,Otros servicios,value_added,33720.99833896736,M€
baseline,2011,hotspot,España,Otros servicios,employment,768.5382018358448,kpersonas
baseline,2011,hotspot,España,Otros servicios,co2eq,1.5597091458951626,Mt CO₂eq
baseline,2011,hotspot,España,Otros servicios,materials,0.11691937740343433,Mt
baseline,2011,hotspot,España,Otros servicios,energy,12570.09132225361,TJ
baseline,2011,hotspot,Alemania,Agricultura y pesca,output,337813.7754149838,M€
baseline,2011,hotspot,Alemania,Agricultura y pesca,value_added,116847.58697212841,M€
baseline,2011,hotspot,Alemania,Agricultura y pesca,employment,6080.647957469709,kpersonas
baseline,2011,hotspot,Alemania,Agricultura y pesca,co2eq,11.159007282643211,Mt CO₂eq
baseline,2011,hotspot,Alemania,Agricultura y pesca,materials,0.8334916250327002,Mt
baseline,2011,hotspot,Alemania,Agricultura y pesca,energy,61620.059728975015,TJ
baseline,2011,hotspot,Alemania,Minería y extracción,output,268130.981311076,M€
baseline,2011,hotspot,Alemania,Minería y extracción,value_added,103735.30110556813,M€
baseline,2011,hotspot,Alemania,Minería y extracción,employment,944.9163436365487,kpersonas
baseline,2011,hotspot,Alemania,Minería y extracción,co2eq,9.335888606835205,Mt CO₂eq
baseline,2011,hotspot,Alemania,Minería y extracción,materials,0.5797332721643657,Mt
baseline,2011,hotspot,Alemania,Minería y extracción,energy,28977.649374383967,TJ
baseline,2011,hotspot,Alemania,Alimentación y bebidas,output,476582.52494326764,M€
baseline,2011,hotspot,Alemania,Alimentación y bebidas,value_added,155611.7803681444,M€
baseline,2011,hotspot,Alemania,Alimentación y bebidas,employment,1527.9466208745937,kpersonas
baseline,2011,hotspot,Alemania,Alimentación y bebidas,co2eq,18.48293426444971,Mt CO₂eq
baseline,2011,hotspot,Alemania,Alimentación y bebidas,materials,1.078465004092419,Mt
baseline,2011,hotspot,Alemania,Alimentación y bebidas,energy,41460.93013689624,TJ
baseline,2011,hotspot,Alemania,Textil y calzado,output,226642.25405330848,M€
baseline,2011,hotspot,Alemania,Textil y calzado,value_added,97114.42504613611,M€
baseline,2011,hotspot,Alemania,Textil y calzado,employment,1024.6791784867337,kpersonas
baseline,2011,hotspot,Alemania,Textil y calzado,co2eq,6.250533717122422,Mt CO₂eq
baseline,2011,hotspot,Alemania,Textil y calzado,materials,0.5556865955158398,Mt
baseline,2011,hotspot,Alemania,Textil y calzado,energy,25784.197869323645,TJ
baseline,2011,hotspot,Alemania,"Madera, papel e imprenta",output,262789.8607309433,M€
baseline,2011,hotspot,Alemania,"Madera, papel e imprenta",value_added,108736.64446034732,M€
baseline,2011,hotspot,Alemania,"Madera, papel e imprenta",employment,905.9024636139845,kpersonas
baseline,2011,hotspot,Alemania,"Madera, papel e imprenta",co2eq,6.621479386341391,Mt CO₂eq
baseline,2011,hotspot,Alemania,"Madera, papel e imprenta",materials,0.4328909622178547,Mt
baseline,2011,hotspot,Alemania,"Madera, papel e imprenta",energy,30281.604384273196,TJ
baseline,2011,hotspot,Alemania,Productos químicos,output,434463.87574237125,M€
baseline,2011,hotspot,Alemania,Productos químicos,value_added,177226.26236703742,M€
baseline,2011,hotspot,Alemania,Productos químicos,employment,1021.25064610306,kpersonas
baseline,2011,hotspot,Alemania,Productos químicos,co2eq,152.06235650982995,Mt CO₂eq
baseline,2011,hotspot,Alemania,Productos químicos,materials,0.8349756985912997,Mt
baseline,2011,hotspot,Alemania,Productos químicos,energy,1086159.6893559282,TJ
baseline,2011,hotspot,Alemania,Refino y combustibles,output,363512.9639892135,M€
baseline,2011,hotspot,Alemania,Refino y combustibles,value_added,72702.5927978427,M€
baseline,2011,hotspot,Alemania,Refino y combustibles,employment,898.6126289706252,kpersonas
baseline,2011,hotspot,Alemania,Refino y combustibles,co2eq,218.1077783935281,Mt CO₂eq
baseline,2011,hotspot,Alemania,Refino y combustibles,materials,0.30880153486005496,Mt
baseline,2011,hotspot,Alemania,Refino y combustibles,energy,1454051.855956854,TJ
baseline,2011,hotspot,Alemania,Plásticos y caucho,output,265283.4292485856,M€
baseline,2011,hotspot,Alemania,Plásticos y caucho,value_added,104547.2248435005,M€
baseline,2011,hotspot,Alemania,Plásticos y caucho,employment,1551.2689026487747,kpersonas
baseline,2011,hotspot,Alemania,Plásticos y caucho,co2eq,12.413290723694521,Mt CO₂eq
baseline,2011,hotspot,Alemania,Plásticos y caucho,materials,0.20859904127358211,Mt
baseline,2011,hotspot,Alemania,Plásticos y caucho,energy,46177.29895111575,TJ
baseline,2011,hotspot,Alemania,Acero y metalurgia primaria,output,408391.47860296426,M€
baseline,2011,hotspot,Alemania,Acero y metalurgia primaria,value_added,102097.86965074106,M€
baseline,2011,hotspot,Alemania,Acero y metalurgia primaria,employment,2301.009404038657,kpersonas
baseline,2011,hotspot,Alemania,Acero y metalurgia primaria,co2eq,285.87403502207496,Mt CO₂eq
baseline,2011,hotspot,Alemania,Acero y metalurgia primaria,materials,11.434961400883,Mt
baseline,2011,hotspot,Alemania,Acero y metalurgia primaria,energy,1429370.1751103748,TJ
baseline,2011,hotspot,Alemania,Acero secundario y reciclaje,output,63411.31791931635,M€
baseline,2011,hotspot,Alemania,Acero secundario y reciclaje,value_added,25204.539793291908,M€
baseline,2011,hotspot,Alemania,Acero secundario y reciclaje,employment,304.300041888581,kpersonas
baseline,2011,hotspot,Alemania,Acero secundario y reciclaje,co2eq,15.852829479829088,Mt CO₂eq
baseline,2011,hotspot,Alemania,Acero secundario y reciclaje,materials,1.3950489942249598,Mt
baseline,2011,hotspot,Alemania,Acero secundario y reciclaje,energy,8165.248609826444,TJ
baseline,2011,hotspot,Alemania,Maquinaria y equipos,output,432676.1435625593,M€
baseline,2011,hotspot,Alemania,Maquinaria y equipos,value_added,135283.3995512526,M€
baseline,2011,hotspot,Alemania,Maquinaria y equipos,employment,1325.4946455788433,kpersonas
baseline,2011,hotspot,Alemania,Maquinaria y equipos,co2eq,20.7730430234822,Mt CO₂eq
baseline,2011,hotspot,Alemania,Maquinaria y equipos,materials,4.326761435625593,Mt
baseline,2011,hotspot,Alemania,Maquinaria y equipos,energy,76878.95558323806,TJ
baseline,2011,hotspot,Alemania,Equipos electrónicos,output,404402.8433770926,M€
baseline,2011,hotspot,Alemania,Equipos electrónicos,value_added,146543.9073733833,M€
baseline,2011,hotspot,Alemania,Equipos electrónicos,employment,2376.556417687503,kpersonas
baseline,2011,hotspot,Alemania,Equipos electrónicos,co2eq,13.140935185583855,Mt CO₂eq
baseline,2011,hotspot,Alemania,Equipos electrónicos,materials,0.9756207044867159,Mt
baseline,2011,hotspot,Alemania,Equipos electrónicos,energy,40455.14629948553,TJ
baseline,2011,hotspot,Alemania,Vehículos y partes,output,550301.800649182,M€
baseline,2011,hotspot,Alemania,Vehículos y partes,value_added,168525.59341606376,M€
baseline,2011,hotspot,Alemania,Vehículos y partes,employment,2814.7957001365844,kpersonas
baseline,2011,hotspot,Alemania,Vehículos y partes,co2eq,29.325798705612034,Mt CO₂eq
baseline,2011,hotspot,Alemania,Vehículos y partes,materials,9.905432411685277,Mt
baseline,2011,hotspot,Alemania,Vehículos y partes,energy,45523.963420979286,TJ
baseline,2011,hotspot,Alemania,Construcción,output,641260.5027878915,M€
baseline,2011,hotspot,Alemania,Construcción,value_added,239894.67100456887,M€
baseline,2011,hotspot,Alemania,Construcción,employment,5771.3445250910245,kpersonas
baseline,2011,hotspot,Alemania,Construcción,co2eq,115.42689050182048,Mt CO₂eq
baseline,2011,hotspot,Alemania,Construcción,materials,22.444117597576206,Mt
baseline,2011,hotspot,Alemania,Construcción,energy,513008.4022303133,TJ
baseline,2011,hotspot,Alemania,Comercio mayorista y minorista,output,896699.9968559867,M€
baseline,2011,hotspot,Alemania,Comercio mayorista y minorista,value_added,313377.98126605403,M€
baseline,2011,hotspot,Alemania,Comercio mayorista y minorista,employment,10760.39996227184,kpersonas
baseline,2011,hotspot,Alemania,Comercio mayorista y minorista,co2eq,31.832074387444543,Mt CO₂eq
baseline,2011,hotspot,Alemania,Comercio mayorista y minorista,materials,1.7019526466336372,Mt
baseline,2011,hotspot,Alemania,Comercio mayorista y minorista,energy,149464.75503752645,TJ
baseline,2011,hotspot,Alemania,Transporte y logística,output,575061.5956374024,M€
baseline,2011,hotspot,Alemania,Transporte y logística,value_added,184985.02528984722,M€
baseline,2011,hotspot,Alemania,Transporte y logística,employment,1776.3458590887878,kpersonas
baseline,2011,hotspot,Alemania,Transporte y logística,co2eq,143.76539890935058,Mt CO₂eq
baseline,2011,hotspot,Alemania,Transporte y logística,materials,0.7245058687837779,Mt
baseline,2011,hotspot,Alemania,Transporte y logística,energy,77877.87049302581,TJ
baseline,2011,hotspot,Alemania,Energía y suministros,output,454251.19409489905,M€
baseline,2011,hotspot,Alemania,Energía y suministros,value_added,143320.9964626085,M€
baseline,2011,hotspot,Alemania,Energía y suministros,employment,1083.6452268225312,kpersonas
baseline,2011,hotspot,Alemania,Energía y suministros,co2eq,363.4009552759193,Mt CO₂eq
baseline,2011,hotspot,Alemania,Energía y suministros,materials,0.2621231924272134,Mt
baseline,2011,hotspot,Alemania,Energía y suministros,energy,2725507.164569394,TJ
baseline,2011,hotspot,Alemania,Servicios financieros y empresariales,output,874555.0806689516,M€
baseline,2011,hotspot,Alemania,Servicios financieros y empresariales,value_added,481005.2943679234,M€
baseline,2011,hotspot,Alemania,Servicios financieros y empresariales,employment,6996.440645351613,kpersonas
baseline,2011,hotspot,Alemania,Servicios financieros y empresariales,co2eq,22.37995139644408,Mt CO₂eq
baseline,2011,hotspot,Alemania,Servicios financieros y empresariales,materials,1.3921110692585823,Mt
baseline,2011,hotspot,Alemania,Servicios financieros y empresariales,energy,122547.35689862959,TJ
baseline,2011,hotspot,Alemania,Salud y educación,output,390181.7922988565,M€
baseline,2011,hotspot,Alemania,Salud y educación,value_added,234109.07537931387,M€
baseline,2011,hotspot,Alemania,Salud y educación,employment,5462.54509218399,kpersonas
baseline,2011,hotspot,Alemania,Salud y educación,co2eq,10.923657475456348,Mt CO₂eq
baseline,2011,hotspot,Alemania,Salud y educación,materials,0.4044084767508973,Mt
baseline,2011,hotspot,Alemania,Salud y educación,energy,38346.07249096031,TJ
baseline,2011,hotspot,Alemania,Otros servicios,output,243302.4553152969,M€
baseline,2011,hotspot,Alemania,Otros servicios,value_added,106753.336033987,M€
baseline,2011,hotspot,Alemania,Otros servicios,employment,2433.024553152969,kpersonas
baseline,2011,hotspot,Alemania,Otros servicios,co2eq,4.937699438590466,Mt CO₂eq
baseline,2011,hotspot,Alemania,Otros servicios,materials,0.3701412828697288,Mt
baseline,2011,hotspot,Alemania,Otros servicios,energy,39794.17125832155,TJ
baseline,2011,hotspot,Francia,Agricultura y pesca,output,247615.94311844712,M€
baseline,2011,hotspot,Francia,Agricultura y pesca,value_added,85648.74364189414,M€
baseline,2011,hotspot,Francia,Agricultura y pesca,employment,4457.086976132048,kpersonas
baseline,2011,hotspot,Francia,Agricultura y pesca,co2eq,8.179500996260316,Mt CO₂eq
baseline,2011,hotspot,Francia,Agricultura y pesca,materials,0.6109455263044459,Mt
baseline,2011,hotspot,Francia,Agricultura y pesca,energy,45167.22027117315,TJ
baseline,2011,hotspot,Francia,Minería y extracción,output,217329.31447192765,M€
baseline,2011,hotspot,Francia,Minería y extracción,value_added,84081.00311860844,M€
baseline,2011,hotspot,Francia,Minería y extracción,employment,765.8869564110629,kpersonas
baseline,2011,hotspot,Francia,Minería y extracción,co2eq,7.567056447519749,Mt CO₂eq
baseline,2011,hotspot,Francia,Minería y extracción,materials,0.4698936094590144,Mt
baseline,2011,hotspot,Francia,Minería y extracción,energy,23487.37412867778,TJ
baseline,2011,hotspot,Francia,Alimentación y bebidas,output,382139.5226033013,M€
baseline,2011,hotspot,Francia,Alimentación y bebidas,value_added,124774.63681323864,M€
baseline,2011,hotspot,Francia,Alimentación y bebidas,employment,1225.1577884309768,kpersonas
baseline,2011,hotspot,Francia,Alimentación y bebidas,co2eq,14.820223794327747,Mt CO₂eq
baseline,2011,hotspot,Francia,Alimentación y bebidas,materials,0.8647486641632603,Mt
baseline,2011,hotspot,Francia,Alimentación y bebidas,energy,33244.7356333269,TJ
baseline,2011,hotspot,Francia,Textil y calzado,output,163933.10486586436,M€
baseline,2011,hotspot,Francia,Textil y calzado,value_added,70244.04734931621,M€
baseline,2011,hotspot,Francia,Textil y calzado,employment,741.1629394632794,kpersonas
baseline,2011,hotspot,Francia,Textil y calzado,co2eq,4.5210872244309686,Mt CO₂eq
baseline,2011,hotspot,Francia,Textil y calzado,materials,0.4019348877188045,Mt
baseline,2011,hotspot,Francia,Textil y calzado,energy,18650.02459867799,TJ
baseline,2011,hotspot,Francia,"Madera, papel e imprenta",output,185438.98554379452,M€
baseline,2011,hotspot,Francia,"Madera, papel e imprenta",value_added,76730.55948230796,M€
baseline,2011,hotspot,Francia,"Madera, papel e imprenta",employment,639.25462491948,kpersonas
baseline,2011,hotspot,Francia,"Madera, papel e imprenta",co2eq,4.672480196865192,Mt CO₂eq
baseline,2011,hotspot,Francia,"Madera, papel e imprenta",materials,0.3054716824365809,Mt
baseline,2011,hotspot,Francia,"Madera, papel e imprenta",energy,21368.366275772885,TJ
baseline,2011,hotspot,Francia,Productos químicos,output,302689.5703569539,M€
baseline,2011,hotspot,Francia,Productos químicos,value_added,123472.96106076613,M€
baseline,2011,hotspot,Francia,Productos químicos,employment,711.5020063923569,kpersonas
baseline,2011,hotspot,Francia,Productos químicos,co2eq,105.94134962493385,Mt CO₂eq
baseline,2011,hotspot,Francia,Productos químicos,materials,0.5817248557966808,Mt
baseline,2011,hotspot,Francia,Productos químicos,energy,756723.9258923847,TJ
baseline,2011,hotspot,Francia,Refino y combustibles,output,292956.17474249465,M€
baseline,2011,hotspot,Francia,Refino y combustibles,value_added,58591.23494849893,M€
baseline,2011,hotspot,Francia,Refino y combustibles,employment,724.1945802140428,kpersonas
baseline,2011,hotspot,Francia,Refino y combustibles,co2eq,175.77370484549678,Mt CO₂eq
baseline,2011,hotspot,Francia,Refino y combustibles,materials,0.24886407190115284,Mt
baseline,2011,hotspot,Francia,Refino y combustibles,energy,1171824.6989699786,TJ
baseline,2011,hotspot,Francia,Plásticos y caucho,output,191618.56312996315,M€
baseline,2011,hotspot,Francia,Plásticos y caucho,value_added,75516.17174310771,M€
baseline,2011,hotspot,Francia,Plásticos y caucho,employment,1120.5069196961074,kpersonas
baseline,2011,hotspot,Francia,Plásticos y caucho,co2eq,8.966323071615399,Mt CO₂eq
baseline,2011,hotspot,Francia,Plásticos y caucho,materials,0.1506745018803122,Mt
baseline,2011,hotspot,Francia,Plásticos y caucho,energy,33354.61886669173,TJ
baseline,2011,hotspot,Francia,Acero y metalurgia primaria,output,313019.79070083826,M€
baseline,2011,hotspot,Francia,Acero y metalurgia primaria,value_added,78254.94767520957,M€
baseline,2011,hotspot,Francia,Acero y metalurgia primaria,employment,1763.6545319621493,kpersonas
baseline,2011,hotspot,Francia,Acero y metalurgia primaria,co2eq,219.11385349058676,Mt CO₂eq
baseline,2011,hotspot,Francia,Acero y metalurgia primaria,materials,8.76455413962347,Mt
baseline,2011,hotspot,Francia,Acero y metalurgia primaria,energy,1095569.2674529338,TJ
baseline,2011,hotspot,Francia,Acero secundario y reciclaje,output,51398.832727855144,M€
baseline,2011,hotspot,Francia,Acero secundario y reciclaje,value_added,20429.853334168743,M€
baseline,2011,hotspot,Francia,Acero secundario y reciclaje,employment,246.654185172613,kpersonas
baseline,2011,hotspot,Francia,Acero secundario y reciclaje,co2eq,12.849708181963786,Mt CO₂eq
baseline,2011,hotspot,Francia,Acero secundario y reciclaje,materials,1.130774320012813,Mt
baseline,2011,hotspot,Francia,Acero secundario y reciclaje,energy,6618.443855903159,TJ
baseline,2011,hotspot,Francia,Maquinaria y equipos,output,364094.3918920817,M€
baseline,2011,hotspot,Francia,Maquinaria y equipos,value_added,113840.17313074964,M€
baseline,2011,hotspot,Francia,Maquinaria y equipos,employment,1115.3958315440634,kpersonas
baseline,2011,hotspot,Francia,Maquinaria y equipos,co2eq,17.480391696911852,Mt CO₂eq
baseline,2011,hotspot,Francia,Maquinaria y equipos,materials,3.640943918920817,Mt
baseline,2011,hotspot,Francia,Maquinaria y equipos,energy,64693.182184495134,TJ
baseline,2011,hotspot,Francia,Equipos electrónicos,output,318927.59201299737,M€
baseline,2011,hotspot,Francia,Equipos electrónicos,value_added,115570.14563121708,M€
baseline,2011,hotspot,Francia,Equipos electrónicos,employment,1874.2435370795533,kpersonas
baseline,2011,hotspot,Francia,Equipos electrónicos,co2eq,10.363445470706422,Mt CO₂eq
baseline,2011,hotspot,Francia,Equipos electrónicos,materials,0.769411904727467,Mt
baseline,2011,hotspot,Francia,Equipos electrónicos,energy,31904.47991434496,TJ
baseline,2011,hotspot,Francia,Vehículos y partes,output,366237.4318230612,M€
baseline,2011,hotspot,Francia,Vehículos y partes,value_added,112157.32977131104,M€
baseline,2011,hotspot,Francia,Vehículos y partes,employment,1873.3057880394024,kpersonas
baseline,2011,hotspot,Francia,Vehículos y partes,co2eq,19.516936327363197,Mt CO₂eq
baseline,2011,hotspot,Francia,Vehículos y partes,materials,6.592273772815101,Mt
baseline,2011,hotspot,Francia,Vehículos y partes,energy,30297.155906155607,TJ
baseline,2011,hotspot,Francia,Construcción,output,530552.6169916486,M€
baseline,2011,hotspot,Francia,Construcción,value_added,198479.00338549877,M€
baseline,2011,hotspot,Francia,Construcción,employment,4774.973552924837,kpersonas
baseline,2011,hotspot,Francia,Construcción,co2eq,95.49947105849674,Mt CO₂eq
baseline,2011,hotspot,Francia,Construcción,materials,18.5693415947077,Mt
baseline,2011,hotspot,Francia,Construcción,energy,424442.0935933189,TJ
baseline,2011,hotspot,Francia,Comercio mayorista y minorista,output,660879.3285090001,M€
baseline,2011,hotspot,Francia,Comercio mayorista y minorista,value_added,230963.5670288484,M€
baseline,2011,hotspot,Francia,Comercio mayorista y minorista,employment,7930.551942108003,kpersonas
baseline,2011,hotspot,Francia,Comercio mayorista y minorista,co2eq,23.460644607988705,Mt CO₂eq
baseline,2011,hotspot,Francia,Comercio mayorista y minorista,materials,1.2543607964816335,Mt
baseline,2011,hotspot,Francia,Comercio mayorista y minorista,energy,110157.42978844554,TJ
baseline,2011,hotspot,Francia,Transporte y logística,output,487536.326981478,M€
baseline,2011,hotspot,Francia,Transporte y logística,value_added,156830.01692440288,M€
baseline,2011,hotspot,Francia,Transporte y logística,employment,1505.9832584177148,kpersonas
baseline,2011,hotspot,Francia,Transporte y logística,co2eq,121.88408174536951,Mt CO₂eq
baseline,2011,hotspot,Francia,Transporte y logística,materials,0.614234949478504,Mt
baseline,2011,hotspot,Francia,Transporte y logística,energy,66024.73756089502,TJ
baseline,2011,hotspot,Francia,Energía y suministros,output,329294.34593391535,M€
baseline,2011,hotspot,Francia,Energía y suministros,value_added,103895.80567374811,M€
baseline,2011,hotspot,Francia,Energía y suministros,employment,785.55268721294,kpersonas
baseline,2011,hotspot,Francia,Energía y suministros,co2eq,263.43547674713227,Mt CO₂eq
baseline,2011,hotspot,Francia,Energía y suministros,materials,0.1900175196598307,Mt
baseline,2011,hotspot,Francia,Energía y suministros,energy,1975766.075603492,TJ
baseline,2011,hotspot,Francia,Servicios financieros y empresariales,output,605576.5116796483,M€
baseline,2011,hotspot,Francia,Servicios financieros y empresariales,value_added,333067.0814238066,M€
baseline,2011,hotspot,Francia,Servicios financieros y empresariales,employment,4844.612093437187,kpersonas
baseline,2011,hotspot,Francia,Servicios financieros y empresariales,co2eq,15.496763094500688,Mt CO₂eq
baseline,2011,hotspot,Francia,Servicios financieros y empresariales,materials,0.9639527387427672,Mt
baseline,2011,hotspot,Francia,Servicios financieros y empresariales,energy,84856.63458666092,TJ
baseline,2011,hotspot,Francia,Salud y educación,output,275427.18595298874,M€
baseline,2011,hotspot,Francia,Salud y educación,value_added,165256.31157179325,M€
baseline,2011,hotspot,Francia,Salud y educación,employment,3855.980603341842,kpersonas
baseline,2011,hotspot,Francia,Salud y educación,co2eq,7.710949865325351,Mt CO₂eq
baseline,2011,hotspot,Francia,Salud y educación,materials,0.2854697244348087,Mt
baseline,2011,hotspot,Francia,Salud y educación,energy,27068.282136663565,TJ
baseline,2011,hotspot,Francia,Otros servicios,output,198416.7624717909,M€
baseline,2011,hotspot,Francia,Otros servicios,value_added,87058.92955941387,M€
baseline,2011,hotspot,Francia,Otros servicios,employment,1984.167624717909,kpersonas
baseline,2011,hotspot,Francia,Otros servicios,co2eq,4.026767158573358,Mt CO₂eq
baseline,2011,hotspot,Francia,Otros servicios,materials,0.3018557083979805,Mt
baseline,2011,hotspot,Francia,Otros servicios,energy,32452.73713367137,TJ
baseline,2011,hotspot,Italia,Agricultura y pesca,output,238590.09010953453,M€
baseline,2011,hotspot,Italia,Agricultura y pesca,value_added,82526.75981171733,M€
baseline,2011,hotspot,Italia,Agricultura y pesca,employment,4294.621621971622,kpersonas
baseline,2011,hotspot,Italia,Agricultura y pesca,co2eq,7.881349864516813,Mt CO₂eq
baseline,2011,hotspot,Italia,Agricultura y pesca,materials,0.5886759403988288,Mt
baseline,2011,hotspot,Italia,Agricultura y pesca,energy,43520.82914685942,TJ
baseline,2011,hotspot,Italia,Minería y extracción,output,180774.34272721698,M€
baseline,2011,hotspot,Italia,Minería y extracción,value_added,69938.50834869707,M€
baseline,2011,hotspot,Italia,Minería y extracción,employment,637.0641323052738,kpersonas
baseline,2011,hotspot,Italia,Minería y extracción,co2eq,6.2942712491591974,Mt CO₂eq
baseline,2011,hotspot,Italia,Minería y extracción,materials,0.39085711289373803,Mt
baseline,2011,hotspot,Italia,Minería y extracción,energy,19536.778233607365,TJ
baseline,2011,hotspot,Italia,Alimentación y bebidas,output,329100.50299932825,M€
baseline,2011,hotspot,Italia,Alimentación y bebidas,value_added,107456.55266708232,M€
baseline,2011,hotspot,Italia,Alimentación y bebidas,employment,1055.1121267944343,kpersonas
baseline,2011,hotspot,Italia,Alimentación y bebidas,co2eq,12.763252207071606,Mt CO₂eq
baseline,2011,hotspot,Italia,Alimentación y bebidas,materials,0.7447259535087607,Mt
baseline,2011,hotspot,Italia,Alimentación y bebidas,energy,28630.535633879645,TJ
baseline,2011,hotspot,Italia,Textil y calzado,output,160795.48973323868,M€
baseline,2011,hotspot,Italia,Textil y calzado,value_added,68899.60391843978,M€
baseline,2011,hotspot,Italia,Textil y calzado,employment,726.9773723900264,kpersonas
baseline,2011,hotspot,Italia,Textil y calzado,co2eq,4.434555393639975,Mt CO₂eq
baseline,2011,hotspot,Italia,Textil y calzado,materials,0.3942420120969549,Mt
baseline,2011,hotspot,Italia,Textil y calzado,energy,18293.070465145694,TJ
baseline,2011,hotspot,Italia,"Madera, papel e imprenta",output,160568.89344054123,M€
baseline,2011,hotspot,Italia,"Madera, papel e imprenta",value_added,66439.86426596426,M€
baseline,2011,hotspot,Italia,"Madera, papel e imprenta",employment,553.521188918648,kpersonas
baseline,2011,hotspot,Italia,"Madera, papel e imprenta",co2eq,4.045831962644667,Mt CO₂eq
baseline,2011,hotspot,Italia,"Madera, papel e imprenta",materials,0.26450344237176826,Mt
baseline,2011,hotspot,Italia,"Madera, papel e imprenta",energy,18502.5544519209,TJ
baseline,2011,hotspot,Italia,Productos químicos,output,245981.96899495344,M€
baseline,2011,hotspot,Italia,Productos químicos,value_added,100340.82787704717,M€
baseline,2011,hotspot,Italia,Productos químicos,employment,578.2051369324001,kpersonas
baseline,2011,hotspot,Italia,Productos químicos,co2eq,86.09368914823371,Mt CO₂eq
baseline,2011,hotspot,Italia,Productos químicos,materials,0.47274118257007036,Mt
baseline,2011,hotspot,Italia,Productos químicos,energy,614954.9224873836,TJ
baseline,2011,hotspot,Italia,Refino y combustibles,output,240471.37048361576,M€
baseline,2011,hotspot,Italia,Refino y combustibles,value_added,48094.27409672315,M€
baseline,2011,hotspot,Italia,Refino y combustibles,employment,594.4509049995344,kpersonas
baseline,2011,hotspot,Italia,Refino y combustibles,co2eq,144.28282229016946,Mt CO₂eq
baseline,2011,hotspot,Italia,Refino y combustibles,materials,0.204278624564941,Mt
baseline,2011,hotspot,Italia,Refino y combustibles,energy,961885.481934463,TJ
baseline,2011,hotspot,Italia,Plásticos y caucho,output,159895.78381131397,M€
baseline,2011,hotspot,Italia,Plásticos y caucho,value_added,63014.340959776775,M€
baseline,2011,hotspot,Italia,Plásticos y caucho,employment,935.0050917002959,kpersonas
baseline,2011,hotspot,Italia,Plásticos y caucho,co2eq,7.48193302372817,Mt CO₂eq
baseline,2011,hotspot,Italia,Plásticos y caucho,materials,0.12573008160066174,Mt
baseline,2011,hotspot,Italia,Plásticos y caucho,energy,27832.70493370775,TJ
baseline,2011,hotspot,Italia,Acero y metalurgia primaria,output,270121.1677251069,M€
baseline,2011,hotspot,Italia,Acero y metalurgia primaria,value_added,67530.29193127672,M€
baseline,2011,hotspot,Italia,Acero y metalurgia primaria,employment,1521.9498440359057,kpersonas
baseline,2011,hotspot,Italia,Acero y metalurgia primaria,co2eq,189.0848174075748,Mt CO₂eq
baseline,2011,hotspot,Italia,Acero y metalurgia primaria,materials,7.5633926963029925,Mt
baseline,2011,hotspot,Italia,Acero y metalurgia primaria,energy,945424.0870378742,TJ
baseline,2011,hotspot,Italia,Acero secundario y reciclaje,output,43126.1848592449,M€
baseline,2011,hotspot,Italia,Acero secundario y reciclaje,value_added,17141.666158094256,M€
baseline,2011,hotspot,Italia,Acero secundario y reciclaje,employment,206.955166518709,kpersonas
baseline,2011,hotspot,Italia,Acero secundario y reciclaje,co2eq,10.781546214811225,Mt CO₂eq
baseline,2011,hotspot,Italia,Acero secundario y reciclaje,materials,0.9487760669033879,Mt
baseline,2011,hotspot,Italia,Acero secundario y reciclaje,energy,5553.20457803953,TJ
baseline,2011,hotspot,Italia,Maquinaria y equipos,output,298212.17857274914,M€
baseline,2011,hotspot,Italia,Maquinaria y equipos,value_added,93241.0023181082,M€
baseline,2011,hotspot,Italia,Maquinaria y equipos,employment,913.566998841083,kpersonas
baseline,2011,hotspot,Italia,Maquinaria y equipos,co2eq,14.317346837317345,Mt CO₂eq
baseline,2011,hotspot,Italia,Maquinaria y equipos,materials,2.9821217857274913,Mt
baseline,2011,hotspot,Italia,Maquinaria y equipos,energy,52987.06936348618,TJ
baseline,2011,hotspot,Italia,Equipos electrónicos,output,289737.0117244791,M€
baseline,2011,hotspot,Italia,Equipos electrónicos,value_added,104992.32264101839,M€
baseline,2011,hotspot,Italia,Equipos electrónicos,employment,1702.6990930757006,kpersonas
baseline,2011,hotspot,Italia,Equipos electrónicos,co2eq,9.414907323947364,Mt CO₂eq
baseline,2011,hotspot,Italia,Equipos electrónicos,materials,0.6989897131631397,Mt
baseline,2011,hotspot,Italia,Equipos electrónicos,energy,28984.349120314597,TJ
baseline,2011,hotspot,Italia,Vehículos y partes,output,322296.5207943327,M€
baseline,2011,hotspot,Italia,Vehículos y partes,value_added,98700.77175601257,M€
baseline,2011,hotspot,Italia,Vehículos y partes,employment,1648.547869243134,kpersonas
baseline,2011,hotspot,Italia,Vehículos y partes,co2eq,17.17530795135288,Mt CO₂eq
baseline,2011,hotspot,Italia,Vehículos y partes,materials,5.801337374297989,Mt
baseline,2011,hotspot,Italia,Vehículos y partes,energy,26662.12432167498,TJ
baseline,2011,hotspot,Italia,Construcción,output,445269.897392764,M€
baseline,2011,hotspot,Italia,Construcción,value_added,166574.85542752536,M€
baseline,2011,hotspot,Italia,Construcción,employment,4007.429076534876,kpersonas
baseline,2011,hotspot,Italia,Construcción,co2eq,80.14858153069753,Mt CO₂eq
baseline,2011,hotspot,Italia,Construcción,materials,15.584446408746741,Mt
baseline,2011,hotspot,Italia,Construcción,energy,356215.91791421117,TJ
baseline,2011,hotspot,Italia,Comercio mayorista y minorista,output,498258.49562926486,M€
baseline,2011,hotspot,Italia,Comercio mayorista y minorista,value_added,174130.97140228632,M€
baseline,2011,hotspot,Italia,Comercio mayorista y minorista,employment,5979.1019475511785,kpersonas
baseline,2011,hotspot,Italia,Comercio mayorista y minorista,co2eq,17.68774568156293,Mt CO₂eq
baseline,2011,hotspot,Italia,Comercio mayorista y minorista,materials,0.945703544459938,Mt
baseline,2011,hotspot,Italia,Comercio mayorista y minorista,energy,83051.28165017159,TJ
baseline,2011,hotspot,Italia,Transporte y logística,output,387553.66105774615,M€
baseline,2011,hotspot,Italia,Transporte y logística,value_added,124667.73009328949,M€
baseline,2011,hotspot,Italia,Transporte y logística,employment,1197.140178056173,kpersonas
baseline,2011,hotspot,Italia,Transporte y logística,co2eq,96.88841526443653,Mt CO₂eq
baseline,2011,hotspot,Italia,Transporte y logística,materials,0.4882692637364388,Mt
baseline,2011,hotspot,Italia,Transporte y logística,energy,52484.55826979611,TJ
baseline,2011,hotspot,Italia,Energía y suministros,output,268182.21545402106,M€
baseline,2011,hotspot,Italia,Energía y suministros,value_added,84614.2901814595,M€
baseline,2011,hotspot,Italia,Energía y suministros,employment,639.7657980283226,kpersonas
baseline,2011,hotspot,Italia,Energía y suministros,co2eq,214.54577236321683,Mt CO₂eq
baseline,2011,hotspot,Italia,Energía y suministros,materials,0.1547530956018243,Mt
baseline,2011,hotspot,Italia,Energía y suministros,energy,1609093.2927241263,TJ
baseline,2011,hotspot,Italia,Servicios financieros y empresariales,output,519773.3590623108,M€
baseline,2011,hotspot,Italia,Servicios financieros y empresariales,value_added,285875.3474842709,M€
baseline,2011,hotspot,Italia,Servicios financieros y empresariales,employment,4158.186872498486,kpersonas
baseline,2011,hotspot,Italia,Servicios financieros y empresariales,co2eq,13.301051894962676,Mt CO₂eq
baseline,2011,hotspot,Italia,Servicios financieros y empresariales,materials,0.8273718404367245,Mt
baseline,2011,hotspot,Italia,Servicios financieros y empresariales,energy,72833.4358205163,TJ
baseline,2011,hotspot,Italia,Salud y educación,output,242546.53778978853,M€
baseline,2011,hotspot,Italia,Salud y educación,value_added,145527.9226738731,M€
baseline,2011,hotspot,Italia,Salud y educación,employment,3395.6515290570396,kpersonas
baseline,2011,hotspot,Italia,Salud y educación,co2eq,6.790412451240473,Mt CO₂eq
baseline,2011,hotspot,Italia,Salud y educación,materials,0.25139019253272266,Mt
baseline,2011,hotspot,Italia,Salud y educación,energy,23836.855804370483,TJ
baseline,2011,hotspot,Italia,Otros servicios,output,154642.67006458068,M€
baseline,2011,hotspot,Italia,Otros servicios,value_added,67852.25780481154,M€
baseline,2011,hotspot,Italia,Otros servicios,employment,1546.426700645807,kpersonas
baseline,2011,hotspot,Italia,Otros servicios,co2eq,3.1383942433728613,Mt CO₂eq
baseline,2011,hotspot,Italia,Otros servicios,materials,0.2352612356908892,Mt
baseline,2011,hotspot,Italia,Otros servicios,energy,25293.114647853425,TJ
baseline,2011,hotspot,Polonia,Agricultura y pesca,output,43022.00633904679,M€
baseline,2011,hotspot,Polonia,Agricultura y pesca,value_added,14881.032075266447,M€
baseline,2011,hotspot,Polonia,Agricultura y pesca,employment,774.3961141028423,kpersonas
baseline,2011,hotspot,Polonia,Agricultura y pesca,co2eq,1.4211465517106066,Mt CO₂eq
baseline,2011,hotspot,Polonia,Agricultura y pesca,materials,0.10614866706264203,Mt
baseline,2011,hotspot,Polonia,Agricultura y pesca,energy,7847.5739984723505,TJ
baseline,2011,hotspot,Polonia,Minería y extracción,output,31896.687811585663,M€
baseline,2011,hotspot,Polonia,Minería y extracción,value_added,12340.28420821083,M€
baseline,2011,hotspot,Polonia,Minería y extracción,employment,112.40663601671972,kpersonas
baseline,2011,hotspot,Polonia,Minería y extracción,co2eq,1.1105912598383538,Mt CO₂eq
baseline,2011,hotspot,Polonia,Minería y extracción,materials,0.06896469444074624,Mt
baseline,2011,hotspot,Polonia,Minería y extracción,energy,3447.162394620809,TJ
baseline,2011,hotspot,Polonia,Alimentación y bebidas,output,62934.60384486828,M€
baseline,2011,hotspot,Polonia,Alimentación y bebidas,value_added,20549.1499131858,M€
baseline,2011,hotspot,Polonia,Alimentación y bebidas,employment,201.77138322957742,kpersonas
baseline,2011,hotspot,Polonia,Alimentación y bebidas,co2eq,2.4407444355253136,Mt CO₂eq
baseline,2011,hotspot,Polonia,Alimentación y bebidas,materials,0.1424155612948465,Mt
baseline,2011,hotspot,Polonia,Alimentación y bebidas,energy,5475.07950174199,TJ
baseline,2011,hotspot,Polonia,Textil y calzado,output,27383.989327829953,M€
baseline,2011,hotspot,Polonia,Textil y calzado,value_added,11733.824260396832,M€
baseline,2011,hotspot,Polonia,Textil y calzado,employment,123.80658586959844,kpersonas
baseline,2011,hotspot,Polonia,Textil y calzado,co2eq,0.7552190535603397,Mt CO₂eq
baseline,2011,hotspot,Polonia,Textil y calzado,materials,0.06714068329749645,Mt
baseline,2011,hotspot,Polonia,Textil y calzado,energy,3115.3687657648293,TJ
baseline,2011,hotspot,Polonia,"Madera, papel e imprenta",output,31312.08831042049,M€
baseline,2011,hotspot,Polonia,"Madera, papel e imprenta",value_added,12956.251068632957,M€
baseline,2011,hotspot,Polonia,"Madera, papel e imprenta",employment,107.94061027472713,kpersonas
baseline,2011,hotspot,Polonia,"Madera, papel e imprenta",co2eq,0.788966312147892,Mt CO₂eq
baseline,2011,hotspot,Polonia,"Madera, papel e imprenta",materials,0.05158007238196426,Mt
baseline,2011,hotspot,Polonia,"Madera, papel e imprenta",energy,3608.1311053030718,TJ
baseline,2011,hotspot,Polonia,Productos químicos,output,50643.19669816266,M€
baseline,2011,hotspot,Polonia,Productos químicos,value_added,20658.344608738524,M€
baseline,2011,hotspot,Polonia,Productos químicos,employment,119.04188181433888,kpersonas
baseline,2011,hotspot,Polonia,Productos químicos,co2eq,17.72511884435693,Mt CO₂eq
baseline,2011,hotspot,Polonia,Productos químicos,materials,0.09732877899155801,Mt
baseline,2011,hotspot,Polonia,Productos químicos,energy,126607.99174540666,TJ
baseline,2011,hotspot,Polonia,Refino y combustibles,output,44806.29581568919,M€
baseline,2011,hotspot,Polonia,Refino y combustibles,value_added,8961.259163137838,M€
baseline,2011,hotspot,Polonia,Refino y combustibles,employment,110.76222106501467,kpersonas
baseline,2011,hotspot,Polonia,Refino y combustibles,co2eq,26.883777489413514,Mt CO₂eq
baseline,2011,hotspot,Polonia,Refino y combustibles,materials,0.038062612038477515,Mt
baseline,2011,hotspot,Polonia,Refino y combustibles,energy,179225.18326275676,TJ
baseline,2011,hotspot,Polonia,Plásticos y caucho,output,32590.99645692576,M€
baseline,2011,hotspot,Polonia,Plásticos y caucho,value_added,12843.991967787459,M€
baseline,2011,hotspot,Polonia,Plásticos y caucho,employment,190.57880642288507,kpersonas
baseline,2011,hotspot,Polonia,Plásticos y caucho,co2eq,1.5250161502383945,Mt CO₂eq
baseline,2011,hotspot,Polonia,Plásticos y caucho,materials,0.025627121280518774,Mt
baseline,2011,hotspot,Polonia,Plásticos y caucho,energy,5673.042567223369,TJ
baseline,2011,hotspot,Polonia,Acero y metalurgia primaria,output,50210.730344081756,M€
baseline,2011,hotspot,Polonia,Acero y metalurgia primaria,value_added,12552.682586020439,M€
baseline,2011,hotspot,Polonia,Acero y metalurgia primaria,employment,282.9034609160003,kpersonas
baseline,2011,hotspot,Polonia,Acero y metalurgia primaria,co2eq,35.14751124085723,Mt CO₂eq
baseline,2011,hotspot,Polonia,Acero y metalurgia primaria,materials,1.4059004496342893,Mt
baseline,2011,hotspot,Polonia,Acero y metalurgia primaria,energy,175737.55620428614,TJ
baseline,2011,hotspot,Polonia,Acero secundario y reciclaje,output,7859.919604979017,M€
baseline,2011,hotspot,Polonia,Acero secundario y reciclaje,value_added,3124.1371880621627,M€
baseline,2011,hotspot,Polonia,Acero secundario y reciclaje,employment,37.71840648508918,kpersonas
baseline,2011,hotspot,Polonia,Acero secundario y reciclaje,co2eq,1.9649799012447542,Mt CO₂eq
baseline,2011,hotspot,Polonia,Acero secundario y reciclaje,materials,0.17291823130953837,Mt
baseline,2011,hotspot,Polonia,Acero secundario y reciclaje,energy,1012.0937355309654,TJ
baseline,2011,hotspot,Polonia,Maquinaria y equipos,output,54307.840266515304,M€
baseline,2011,hotspot,Polonia,Maquinaria y equipos,value_added,16980.250385536503,M€
baseline,2011,hotspot,Polonia,Maquinaria y equipos,employment,166.37097412746328,kpersonas
baseline,2011,hotspot,Polonia,Maquinaria y equipos,co2eq,2.6073522174804338,Mt CO₂eq
baseline,2011,hotspot,Polonia,Maquinaria y equipos,materials,0.5430784026651531,Mt
baseline,2011,hotspot,Polonia,Maquinaria y equipos,energy,9649.549904216867,TJ
baseline,2011,hotspot,Polonia,Equipos electrónicos,output,51309.43489383726,M€
baseline,2011,hotspot,Polonia,Equipos electrónicos,value_added,18593.056892658453,M€
baseline,2011,hotspot,Polonia,Equipos electrónicos,employment,301.5304387243468,kpersonas
baseline,2011,hotspot,Polonia,Equipos electrónicos,co2eq,1.667282931836683,Mt CO₂eq
baseline,2011,hotspot,Polonia,Equipos electrónicos,materials,0.12378386511803727,Mt
baseline,2011,hotspot,Polonia,Equipos electrónicos,energy,5132.8291310715695,TJ
baseline,2011,hotspot,Polonia,Vehículos y partes,output,60618.50310422666,M€
baseline,2011,hotspot,Polonia,Vehículos y partes,value_added,18563.93927038204,M€
baseline,2011,hotspot,Polonia,Vehículos y partes,employment,310.06386256633266,kpersonas
baseline,2011,hotspot,Polonia,Vehículos y partes,co2eq,3.2303837962604556,Mt CO₂eq
baseline,2011,hotspot,Polonia,Vehículos y partes,materials,1.09113305587608,Mt
baseline,2011,hotspot,Polonia,Vehículos y partes,energy,5014.692873430334,TJ
baseline,2011,hotspot,Polonia,Construcción,output,76409.24856553735,M€
baseline,2011,hotspot,Polonia,Construcción,value_added,28584.594664173386,M€
baseline,2011,hotspot,Polonia,Construcción,employment,687.6832370898361,kpersonas
baseline,2011,hotspot,Polonia,Construcción,co2eq,13.753664741796724,Mt CO₂eq
baseline,2011,hotspot,Polonia,Construcción,materials,2.674323699793807,Mt
baseline,2011,hotspot,Polonia,Construcción,energy,61127.39885242987,TJ
baseline,2011,hotspot,Polonia,Comercio mayorista y minorista,output,104443.0891019564,M€
baseline,2011,hotspot,Polonia,Comercio mayorista y minorista,value_added,36500.68532922979,M€
baseline,2011,hotspot,Polonia,Comercio mayorista y minorista,employment,1253.317069223477,kpersonas
baseline,2011,hotspot,Polonia,Comercio mayorista y minorista,co2eq,3.707639336684334,Mt CO₂eq
baseline,2011,hotspot,Polonia,Comercio mayorista y minorista,materials,0.19823485284144143,Mt
baseline,2011,hotspot,Polonia,Comercio mayorista y minorista,energy,17408.900170313682,TJ
baseline,2011,hotspot,Polonia,Transporte y logística,output,73589.12738069767,M€
baseline,2011,hotspot,Polonia,Transporte y logística,value_added,23672.04955581763,M€
baseline,2011,hotspot,Polonia,Transporte y logística,employment,227.31433065316926,kpersonas
baseline,2011,hotspot,Polonia,Transporte y logística,co2eq,18.39728184517442,Mt CO₂eq
baseline,2011,hotspot,Polonia,Transporte y logística,materials,0.09271311989961163,Mt
baseline,2011,hotspot,Polonia,Transporte y logística,energy,9965.827270201395,TJ
baseline,2011,hotspot,Polonia,Energía y suministros,output,59036.70718858958,M€
baseline,2011,hotspot,Polonia,Energía y suministros,value_added,18626.69776575699,M€
baseline,2011,hotspot,Polonia,Energía y suministros,employment,140.8358344103094,kpersonas
baseline,2011,hotspot,Polonia,Energía y suministros,co2eq,47.22936575087166,Mt CO₂eq
baseline,2011,hotspot,Polonia,Energía y suministros,materials,0.03406681228322937,Mt
baseline,2011,hotspot,Polonia,Energía y suministros,energy,354220.2431315375,TJ
baseline,2011,hotspot,Polonia,Servicios financieros y empresariales,output,113388.86891282047,M€
baseline,2011,hotspot,Polonia,Servicios financieros y empresariales,value_added,62363.87790205127,M€
baseline,2011,hotspot,Polonia,Servicios financieros y empresariales,employment,907.1109513025638,kpersonas
baseline,2011,hotspot,Polonia,Servicios financieros y empresariales,co2eq,2.901632420025094,Mt CO₂eq
baseline,2011,hotspot,Polonia,Servicios financieros y empresariales,materials,0.1804916614554541,Mt
baseline,2011,hotspot,Polonia,Servicios financieros y empresariales,energy,15888.657551863505,TJ
baseline,2011,hotspot,Polonia,Salud y educación,output,45483.63905444226,M€
baseline,2011,hotspot,Polonia,Salud y educación,value_added,27290.183432665355,M€
baseline,2011,hotspot,Polonia,Salud y educación,employment,636.7709467621917,kpersonas
baseline,2011,hotspot,Polonia,Salud y educación,co2eq,1.2733748821048527,Mt CO₂eq
baseline,2011,hotspot,Polonia,Salud y educación,materials,0.047142049040068766,Mt
baseline,2011,hotspot,Polonia,Salud y educación,energy,4470.016168766848,TJ
baseline,2011,hotspot,Polonia,Otros servicios,output,29030.53686459963,M€
baseline,2011,hotspot,Polonia,Otros servicios,value_added,12737.671114487946,M€
baseline,2011,hotspot,Polonia,Otros servicios,employment,290.30536864599634,kpersonas
baseline,2011,hotspot,Polonia,Otros servicios,co2eq,0.5891599630285403,Mt CO₂eq
baseline,2011,hotspot,Polonia,Otros servicios,materials,0.04416478306203216,Mt
baseline,2011,hotspot,Polonia,Otros servicios,energy,4748.189467359898,TJ
baseline,2011,hotspot,Resto UE-27,Agricultura y pesca,output,310719.4451495998,M€
baseline,2011,hotspot,Resto UE-27,Agricultura y pesca,value_added,107475.83441927025,M€
baseline,2011,hotspot,Resto UE-27,Agricultura y pesca,employment,5592.950012692797,kpersonas
baseline,2011,hotspot,Resto UE-27,Agricultura y pesca,co2eq,10.263999882846246,Mt CO₂eq
baseline,2011,hotspot,Resto UE-27,Agricultura y pesca,materials,0.7666414874551967,Mt
baseline,2011,hotspot,Resto UE-27,Agricultura y pesca,energy,56677.82714174973,TJ
baseline,2011,hotspot,Resto UE-27,Minería y extracción,output,270179.4856050475,M€
baseline,2011,hotspot,Resto UE-27,Minería y extracción,value_added,104527.83245987906,M€
baseline,2011,hotspot,Resto UE-27,Minería y extracción,employment,952.1354466955036,kpersonas
baseline,2011,hotspot,Resto UE-27,Minería y extracción,co2eq,9.40721422465687,Mt CO₂eq
baseline,2011,hotspot,Resto UE-27,Minería y extracción,materials,0.5841623988977999,Mt
baseline,2011,hotspot,Resto UE-27,Minería y extracción,energy,29199.036842860645,TJ
baseline,2011,hotspot,Resto UE-27,Alimentación y bebidas,output,520175.5197659231,M€
baseline,2011,hotspot,Resto UE-27,Alimentación y bebidas,value_added,169845.58706665947,M€
baseline,2011,hotspot,Resto UE-27,Alimentación y bebidas,employment,1667.7078702846704,kpersonas
baseline,2011,hotspot,Resto UE-27,Alimentación y bebidas,co2eq,20.173567922898584,Mt CO₂eq
baseline,2011,hotspot,Resto UE-27,Alimentación y bebidas,materials,1.1771121782526812,Mt
baseline,2011,hotspot,Resto UE-27,Alimentación y bebidas,energy,45253.360656700446,TJ
baseline,2011,hotspot,Resto UE-27,Textil y calzado,output,242488.26442686617,M€
baseline,2011,hotspot,Resto UE-27,Textil y calzado,value_added,103904.31598298324,M€
baseline,2011,hotspot,Resto UE-27,Textil y calzado,employment,1096.321057269188,kpersonas
baseline,2011,hotspot,Resto UE-27,Textil y calzado,co2eq,6.687548529455242,Mt CO₂eq
baseline,2011,hotspot,Resto UE-27,Textil y calzado,materials,0.594538201513898,Mt
baseline,2011,hotspot,Resto UE-27,Textil y calzado,energy,27586.93614784017,TJ
baseline,2011,hotspot,Resto UE-27,"Madera, papel e imprenta",output,249967.73239709224,M€
baseline,2011,hotspot,Resto UE-27,"Madera, papel e imprenta",value_added,103431.13074690007,M€
baseline,2011,hotspot,Resto UE-27,"Madera, papel e imprenta",employment,861.7013760449975,kpersonas
baseline,2011,hotspot,Resto UE-27,"Madera, papel e imprenta",co2eq,6.2984020110748276,Mt CO₂eq
baseline,2011,hotspot,Resto UE-27,"Madera, papel e imprenta",materials,0.41176920562997565,Mt
baseline,2011,hotspot,Resto UE-27,"Madera, papel e imprenta",energy,28804.094496752874,TJ
baseline,2011,hotspot,Resto UE-27,Productos químicos,output,380152.6048678675,M€
baseline,2011,hotspot,Resto UE-27,Productos químicos,value_added,155071.6389819629,M€
baseline,2011,hotspot,Resto UE-27,Productos químicos,employment,893.5865903136317,kpersonas
baseline,2011,hotspot,Resto UE-27,Productos químicos,co2eq,133.05341170375362,Mt CO₂eq
baseline,2011,hotspot,Resto UE-27,Productos químicos,materials,0.7305974202768308,Mt
baseline,2011,hotspot,Resto UE-27,Productos químicos,energy,950381.5121696687,TJ
baseline,2011,hotspot,Resto UE-27,Refino y combustibles,output,317400.7241160688,M€
baseline,2011,hotspot,Resto UE-27,Refino y combustibles,value_added,63480.14482321376,M€
baseline,2011,hotspot,Resto UE-27,Refino y combustibles,employment,784.6220833642235,kpersonas
baseline,2011,hotspot,Resto UE-27,Refino y combustibles,co2eq,190.44043446964127,Mt CO₂eq
baseline,2011,hotspot,Resto UE-27,Refino y combustibles,materials,0.26962953314546234,Mt
baseline,2011,hotspot,Resto UE-27,Refino y combustibles,energy,1269602.8964642752,TJ
baseline,2011,hotspot,Resto UE-27,Plásticos y caucho,output,246924.83606967327,M€
baseline,2011,hotspot,Resto UE-27,Plásticos y caucho,value_added,97312.17071922812,M€
baseline,2011,hotspot,Resto UE-27,Plásticos y caucho,employment,1443.9153646781083,kpersonas
baseline,2011,hotspot,Resto UE-27,Plásticos y caucho,co2eq,11.55424515475954,Mt CO₂eq
baseline,2011,hotspot,Resto UE-27,Plásticos y caucho,materials,0.19416321711713133,Mt
baseline,2011,hotspot,Resto UE-27,Plásticos y caucho,energy,42981.659299043255,TJ
baseline,2011,hotspot,Resto UE-27,Acero y metalurgia primaria,output,390467.1604033829,M€
baseline,2011,hotspot,Resto UE-27,Acero y metalurgia primaria,value_added,97616.79010084573,M€
baseline,2011,hotspot,Resto UE-27,Acero y metalurgia primaria,employment,2200.0180099985405,kpersonas
baseline,2011,hotspot,Resto UE-27,Acero y metalurgia primaria,co2eq,273.32701228236806,Mt CO₂eq
baseline,2011,hotspot,Resto UE-27,Acero y metalurgia primaria,materials,10.93308049129472,Mt
baseline,2011,hotspot,Resto UE-27,Acero y metalurgia primaria,energy,1366635.0614118404,TJ
baseline,2011,hotspot,Resto UE-27,Acero secundario y reciclaje,output,64606.058639538714,M€
baseline,2011,hotspot,Resto UE-27,Acero secundario y reciclaje,value_added,25679.421738874964,M€
baseline,2011,hotspot,Resto UE-27,Acero secundario y reciclaje,employment,310.03339774900087,kpersonas
baseline,2011,hotspot,Resto UE-27,Acero secundario y reciclaje,co2eq,16.151514659884675,Mt CO₂eq
baseline,2011,hotspot,Resto UE-27,Acero secundario y reciclaje,materials,1.4213332900698517,Mt
baseline,2011,hotspot,Resto UE-27,Acero secundario y reciclaje,energy,8319.091099227331,TJ
baseline,2011,hotspot,Resto UE-27,Maquinaria y equipos,output,427962.24089614605,M€
baseline,2011,hotspot,Resto UE-27,Maquinaria y equipos,value_added,133809.51940474092,M€
baseline,2011,hotspot,Resto UE-27,Maquinaria y equipos,employment,1311.053699765044,kpersonas
baseline,2011,hotspot,Resto UE-27,Maquinaria y equipos,co2eq,20.546725708892954,Mt CO₂eq
baseline,2011,hotspot,Resto UE-27,Maquinaria y equipos,materials,4.27962240896146,Mt
baseline,2011,hotspot,Resto UE-27,Maquinaria y equipos,energy,76041.37782650997,TJ
baseline,2011,hotspot,Resto UE-27,Equipos electrónicos,output,411184.47795811505,M€
baseline,2011,hotspot,Resto UE-27,Equipos electrónicos,value_added,149001.37582633083,M€
baseline,2011,hotspot,Resto UE-27,Equipos electrónicos,employment,2416.4100869924737,kpersonas
baseline,2011,hotspot,Resto UE-27,Equipos electrónicos,co2eq,13.361302133890472,Mt CO₂eq
baseline,2011,hotspot,Resto UE-27,Equipos electrónicos,materials,0.9919813785419649,Mt
baseline,2011,hotspot,Resto UE-27,Equipos electrónicos,energy,41133.55898529617,TJ
baseline,2011,hotspot,Resto UE-27,Vehículos y partes,output,446644.5125939364,M€
baseline,2011,hotspot,Resto UE-27,Vehículos y partes,value_added,136781.36513841257,M€
baseline,2011,hotspot,Resto UE-27,Vehículos y partes,employment,2284.5882969234317,kpersonas
baseline,2011,hotspot,Resto UE-27,Vehículos y partes,co2eq,23.801861185706162,Mt CO₂eq
baseline,2011,hotspot,Resto UE-27,Vehículos y partes,materials,8.039601226690856,Mt
baseline,2011,hotspot,Resto UE-27,Vehículos y partes,energy,36948.86774769943,TJ
baseline,2011,hotspot,Resto UE-27,Construcción,output,610092.2198362226,M€
baseline,2011,hotspot,Resto UE-27,Construcción,value_added,228234.6592746072,M€
baseline,2011,hotspot,Resto UE-27,Construcción,employment,5490.829978526003,kpersonas
baseline,2011,hotspot,Resto UE-27,Construcción,co2eq,109.81659957052007,Mt CO₂eq
baseline,2011,hotspot,Resto UE-27,Construcción,materials,21.353227694267794,Mt
baseline,2011,hotspot,Resto UE-27,Construcción,energy,488073.7758689781,TJ
baseline,2011,hotspot,Resto UE-27,Comercio mayorista y minorista,output,937521.2287346417,M€
baseline,2011,hotspot,Resto UE-27,Comercio mayorista y minorista,value_added,327644.15198511217,M€
baseline,2011,hotspot,Resto UE-27,Comercio mayorista y minorista,employment,11250.2547448157,kpersonas
baseline,2011,hotspot,Resto UE-27,Comercio mayorista y minorista,co2eq,33.28119281535189,Mt CO₂eq
baseline,2011,hotspot,Resto UE-27,Comercio mayorista y minorista,materials,1.779432075515447,Mt
baseline,2011,hotspot,Resto UE-27,Comercio mayorista y minorista,energy,156268.96541386834,TJ
baseline,2011,hotspot,Resto UE-27,Transporte y logística,output,554772.2177454026,M€
baseline,2011,hotspot,Resto UE-27,Transporte y logística,value_added,178458.3660398816,M€
baseline,2011,hotspot,Resto UE-27,Transporte y logística,employment,1713.6726556000494,kpersonas
baseline,2011,hotspot,Resto UE-27,Transporte y logística,co2eq,138.69305443635065,Mt CO₂eq
baseline,2011,hotspot,Resto UE-27,Transporte y logística,materials,0.6989437838380212,Mt
baseline,2011,hotspot,Resto UE-27,Transporte y logística,energy,75130.17606195215,TJ
baseline,2011,hotspot,Resto UE-27,Energía y suministros,output,403890.28257703036,M€
baseline,2011,hotspot,Resto UE-27,Energía y suministros,value_added,127431.60285102384,M€
baseline,2011,hotspot,Resto UE-27,Energía y suministros,employment,963.5060569222553,kpersonas
baseline,2011,hotspot,Resto UE-27,Energía y suministros,co2eq,323.1122260616243,Mt CO₂eq
baseline,2011,hotspot,Resto UE-27,Energía y suministros,materials,0.23306270106865826,Mt
baseline,2011,hotspot,Resto UE-27,Energía y suministros,energy,2423341.695462182,TJ
baseline,2011,hotspot,Resto UE-27,Servicios financieros y empresariales,output,922363.8711429113,M€
baseline,2011,hotspot,Resto UE-27,Servicios financieros y empresariales,value_added,507300.1291286012,M€
baseline,2011,hotspot,Resto UE-27,Servicios financieros y empresariales,employment,7378.9109691432905,kpersonas
baseline,2011,hotspot,Resto UE-27,Servicios financieros y empresariales,co2eq,23.603383094206993,Mt CO₂eq
baseline,2011,hotspot,Resto UE-27,Servicios financieros y empresariales,materials,1.468212789890924,Mt
baseline,2011,hotspot,Resto UE-27,Servicios financieros y empresariales,energy,129246.58149706504,TJ
baseline,2011,hotspot,Resto UE-27,Salud y educación,output,443421.59986896004,M€
baseline,2011,hotspot,Resto UE-27,Salud y educación,value_added,266052.959921376,M€
baseline,2011,hotspot,Resto UE-27,Salud y educación,employment,6207.90239816544,kpersonas
baseline,2011,hotspot,Resto UE-27,Salud y educación,co2eq,12.414176596116821,Mt CO₂eq
baseline,2011,hotspot,Resto UE-27,Salud y educación,materials,0.45958949725696246,Mt
baseline,2011,hotspot,Resto UE-27,Salud y educación,energy,43578.34514125422,TJ
baseline,2011,hotspot,Resto UE-27,Otros servicios,output,225969.72919466207,M€
baseline,2011,hotspot,Resto UE-27,Otros servicios,value_added,99148.29015171941,M€
baseline,2011,hotspot,Resto UE-27,Otros servicios,employment,2259.6972919466207,kpersonas
baseline,2011,hotspot,Resto UE-27,Otros servicios,co2eq,4.5859405879689525,Mt CO₂eq
baseline,2011,hotspot,Resto UE-27,Otros servicios,materials,0.34377263207412756,Mt
baseline,2011,hotspot,Resto UE-27,Otros servicios,energy,36959.25752625795,TJ
baseline,2011,hotspot,Reino Unido,Agricultura y pesca,output,160182.01616021094,M€
baseline,2011,hotspot,Reino Unido,Agricultura y pesca,value_added,55405.91718516679,M€
baseline,2011,hotspot,Reino Unido,Agricultura y pesca,employment,2883.2762908837967,kpersonas
baseline,2011,hotspot,Reino Unido,Agricultura y pesca,co2eq,5.291294834511898,Mt CO₂eq
baseline,2011,hotspot,Reino Unido,Agricultura y pesca,materials,0.3952188414648842,Mt
baseline,2011,hotspot,Reino Unido,Agricultura y pesca,energy,29218.540277626682,TJ
baseline,2011,hotspot,Reino Unido,Minería y extracción,output,137829.50456846622,M€
baseline,2011,hotspot,Reino Unido,Minería y extracción,value_added,53323.883304083174,M€
baseline,2011,hotspot,Reino Unido,Minería y extracción,employment,485.72287642872334,kpersonas
baseline,2011,hotspot,Reino Unido,Minería y extracción,co2eq,4.799001201183949,Mt CO₂eq
baseline,2011,hotspot,Reino Unido,Minería y extracción,materials,0.2980049127242335,Mt
baseline,2011,hotspot,Reino Unido,Minería y extracción,energy,14895.61197777589,TJ
baseline,2011,hotspot,Reino Unido,Alimentación y bebidas,output,270812.82379634696,M€
baseline,2011,hotspot,Reino Unido,Alimentación y bebidas,value_added,88424.69761662089,M€
baseline,2011,hotspot,Reino Unido,Alimentación y bebidas,employment,868.2390086761833,kpersonas
baseline,2011,hotspot,Reino Unido,Alimentación y bebidas,co2eq,10.502725883190383,Mt CO₂eq
baseline,2011,hotspot,Reino Unido,Alimentación y bebidas,materials,0.6128259804712185,Mt
baseline,2011,hotspot,Reino Unido,Alimentación y bebidas,energy,23559.721517133952,TJ
baseline,2011,hotspot,Reino Unido,Textil y calzado,output,105828.89415255804,M€
baseline,2011,hotspot,Reino Unido,Textil y calzado,value_added,45346.84960588461,M€
baseline,2011,hotspot,Reino Unido,Textil y calzado,employment,478.46622763863076,kpersonas
baseline,2011,hotspot,Reino Unido,Textil y calzado,co2eq,2.918639659270048,Mt CO₂eq
baseline,2011,hotspot,Reino Unido,Textil y calzado,materials,0.25947367204091165,Mt
baseline,2011,hotspot,Reino Unido,Textil y calzado,energy,12039.737067208327,TJ
baseline,2011,hotspot,Reino Unido,"Madera, papel e imprenta",output,124729.13014943409,M€
baseline,2011,hotspot,Reino Unido,"Madera, papel e imprenta",value_added,51610.16121848575,M€
baseline,2011,hotspot,Reino Unido,"Madera, papel e imprenta",employment,429.9725490645495,kpersonas
baseline,2011,hotspot,Reino Unido,"Madera, papel e imprenta",co2eq,3.142782456916619,Mt CO₂eq
baseline,2011,hotspot,Reino Unido,"Madera, papel e imprenta",materials,0.20546497881159226,Mt
baseline,2011,hotspot,Reino Unido,"Madera, papel e imprenta",energy,14372.69369477978,TJ
baseline,2011,hotspot,Reino Unido,Productos químicos,output,198735.4534099058,M€
baseline,2011,hotspot,Reino Unido,Productos químicos,value_added,81068.05553735282,M€
baseline,2011,hotspot,Reino Unido,Productos químicos,employment,467.14749264631956,kpersonas
baseline,2011,hotspot,Reino Unido,Productos químicos,co2eq,69.55740869346704,Mt CO₂eq
baseline,2011,hotspot,Reino Unido,Productos químicos,materials,0.38194032533142896,Mt
baseline,2011,hotspot,Reino Unido,Productos químicos,energy,496838.6335247645,TJ
baseline,2011,hotspot,Reino Unido,Refino y combustibles,output,176843.37274208808,M€
baseline,2011,hotspot,Reino Unido,Refino y combustibles,value_added,35368.67454841761,M€
baseline,2011,hotspot,Reino Unido,Refino y combustibles,employment,437.1609924220347,kpersonas
baseline,2011,hotspot,Reino Unido,Refino y combustibles,co2eq,106.10602364525285,Mt CO₂eq
baseline,2011,hotspot,Reino Unido,Refino y combustibles,materials,0.15022711799132984,Mt
baseline,2011,hotspot,Reino Unido,Refino y combustibles,energy,707373.4909683523,TJ
baseline,2011,hotspot,Reino Unido,Plásticos y caucho,output,118899.74613877632,M€
baseline,2011,hotspot,Reino Unido,Plásticos y caucho,value_added,46857.95312815248,M€
baseline,2011,hotspot,Reino Unido,Plásticos y caucho,employment,695.277044783229,kpersonas
baseline,2011,hotspot,Reino Unido,Plásticos y caucho,co2eq,5.563623479893533,Mt CO₂eq
baseline,2011,hotspot,Reino Unido,Plásticos y caucho,materials,0.09349386474109474,Mt
baseline,2011,hotspot,Reino Unido,Plásticos y caucho,energy,20696.61545846938,TJ
baseline,2011,hotspot,Reino Unido,Acero y metalurgia primaria,output,199383.6702275538,M€
baseline,2011,hotspot,Reino Unido,Acero y metalurgia primaria,value_added,49845.91755688845,M€
baseline,2011,hotspot,Reino Unido,Acero y metalurgia primaria,employment,1123.3919516997819,kpersonas
baseline,2011,hotspot,Reino Unido,Acero y metalurgia primaria,co2eq,139.56856915928768,Mt CO₂eq
baseline,2011,hotspot,Reino Unido,Acero y metalurgia primaria,materials,5.582742766371507,Mt
baseline,2011,hotspot,Reino Unido,Acero y metalurgia primaria,energy,697842.8457964383,TJ
baseline,2011,hotspot,Reino Unido,Acero secundario y reciclaje,output,30082.150671899213,M€
baseline,2011,hotspot,Reino Unido,Acero secundario y reciclaje,value_added,11956.962708808827,M€
baseline,2011,hotspot,Reino Unido,Acero secundario y reciclaje,employment,144.3590830457893,kpersonas
baseline,2011,hotspot,Reino Unido,Acero secundario y reciclaje,co2eq,7.520537667974803,Mt CO₂eq
baseline,2011,hotspot,Reino Unido,Acero secundario y reciclaje,materials,0.6618073147817827,Mt
baseline,2011,hotspot,Reino Unido,Acero secundario y reciclaje,energy,3873.5709493823883,TJ
baseline,2011,hotspot,Reino Unido,Maquinaria y equipos,output,215272.58314701423,M€
baseline,2011,hotspot,Reino Unido,Maquinaria y equipos,value_added,67308.55701568625,M€
baseline,2011,hotspot,Reino Unido,Maquinaria y equipos,employment,659.48321983238,kpersonas
baseline,2011,hotspot,Reino Unido,Maquinaria y equipos,co2eq,10.335366758769547,Mt CO₂eq
baseline,2011,hotspot,Reino Unido,Maquinaria y equipos,materials,2.1527258314701423,Mt
baseline,2011,hotspot,Reino Unido,Maquinaria y equipos,energy,38250.15916472715,TJ
baseline,2011,hotspot,Reino Unido,Equipos electrónicos,output,198417.70217058546,M€
baseline,2011,hotspot,Reino Unido,Equipos electrónicos,value_added,71900.84304380756,M€
baseline,2011,hotspot,Reino Unido,Equipos electrónicos,employment,1166.0424035065612,kpersonas
baseline,2011,hotspot,Reino Unido,Equipos electrónicos,co2eq,6.447516892122425,Mt CO₂eq
baseline,2011,hotspot,Reino Unido,Equipos electrónicos,materials,0.47868213971432055,Mt
baseline,2011,hotspot,Reino Unido,Equipos electrónicos,energy,19849.062144782813,TJ
baseline,2011,hotspot,Reino Unido,Vehículos y partes,output,241124.2709385813,M€
baseline,2011,hotspot,Reino Unido,Vehículos y partes,value_added,73842.40938154841,M€
baseline,2011,hotspot,Reino Unido,Vehículos y partes,employment,1233.3515177232161,kpersonas
baseline,2011,hotspot,Reino Unido,Vehículos y partes,co2eq,12.849606932487879,Mt CO₂eq
baseline,2011,hotspot,Reino Unido,Vehículos y partes,materials,4.340236876894464,Mt
baseline,2011,hotspot,Reino Unido,Vehículos y partes,energy,19947.113524195207,TJ
baseline,2011,hotspot,Reino Unido,Construcción,output,311578.03907426004,M€
baseline,2011,hotspot,Reino Unido,Construcción,value_added,116560.91533941218,M€
baseline,2011,hotspot,Reino Unido,Construcción,employment,2804.2023516683407,kpersonas
baseline,2011,hotspot,Reino Unido,Construcción,co2eq,56.0840470333668,Mt CO₂eq
baseline,2011,hotspot,Reino Unido,Construcción,materials,10.9052313675991,Mt
baseline,2011,hotspot,Reino Unido,Construcción,energy,249262.43125940804,TJ
baseline,2011,hotspot,Reino Unido,Comercio mayorista y minorista,output,422163.1622221731,M€
baseline,2011,hotspot,Reino Unido,Comercio mayorista y minorista,value_added,147537.23654057918,M€
baseline,2011,hotspot,Reino Unido,Comercio mayorista y minorista,employment,5065.957946666078,kpersonas
baseline,2011,hotspot,Reino Unido,Comercio mayorista y minorista,co2eq,14.986427155807473,Mt CO₂eq
baseline,2011,hotspot,Reino Unido,Comercio mayorista y minorista,materials,0.8012732394050038,Mt
baseline,2011,hotspot,Reino Unido,Comercio mayorista y minorista,energy,70367.4739028002,TJ
baseline,2011,hotspot,Reino Unido,Transporte y logística,output,303234.5344901223,M€
baseline,2011,hotspot,Reino Unido,Transporte y logística,value_added,97544.06911704042,M€
baseline,2011,hotspot,Reino Unido,Transporte y logística,employment,936.6812420801671,kpersonas
baseline,2011,hotspot,Reino Unido,Transporte y logística,co2eq,75.80863362253056,Mt CO₂eq
baseline,2011,hotspot,Reino Unido,Transporte y logística,materials,0.3820376834806692,Mt
baseline,2011,hotspot,Reino Unido,Transporte y logística,energy,41065.61798803376,TJ
baseline,2011,hotspot,Reino Unido,Energía y suministros,output,209621.18730598618,M€
baseline,2011,hotspot,Reino Unido,Energía y suministros,value_added,66137.67412154043,M€
baseline,2011,hotspot,Reino Unido,Energía y suministros,employment,500.06472634070394,kpersonas
baseline,2011,hotspot,Reino Unido,Energía y suministros,co2eq,167.69694984478895,Mt CO₂eq
baseline,2011,hotspot,Reino Unido,Energía y suministros,materials,0.12096077133382041,Mt
baseline,2011,hotspot,Reino Unido,Energía y suministros,energy,1257727.123835917,TJ
baseline,2011,hotspot,Reino Unido,Servicios financieros y empresariales,output,418435.2893628203,M€
baseline,2011,hotspot,Reino Unido,Servicios financieros y empresariales,value_added,230139.40914955118,M€
baseline,2011,hotspot,Reino Unido,Servicios financieros y empresariales,employment,3347.4823149025624,kpersonas
baseline,2011,hotspot,Reino Unido,Servicios financieros y empresariales,co2eq,10.707800623985777,Mt CO₂eq
baseline,2011,hotspot,Reino Unido,Servicios financieros y empresariales,materials,0.6660625625144575,Mt
baseline,2011,hotspot,Reino Unido,Servicios financieros y empresariales,energy,58633.401003518244,TJ
baseline,2011,hotspot,Reino Unido,Salud y educación,output,188965.8704906569,M€
baseline,2011,hotspot,Reino Unido,Salud y educación,value_added,113379.52229439413,M€
baseline,2011,hotspot,Reino Unido,Salud y educación,employment,2645.5221868691965,kpersonas
baseline,2011,hotspot,Reino Unido,Salud y educación,co2eq,5.290350509770392,Mt CO₂eq
baseline,2011,hotspot,Reino Unido,Salud y educación,materials,0.19585588397856632,Mt
baseline,2011,hotspot,Reino Unido,Salud y educación,energy,18571.084328307297,TJ
baseline,2011,hotspot,Reino Unido,Otros servicios,output,116837.77742142581,M€
baseline,2011,hotspot,Reino Unido,Otros servicios,value_added,51264.67999827644,M€
baseline,2011,hotspot,Reino Unido,Otros servicios,employment,1168.3777742142581,kpersonas
baseline,2011,hotspot,Reino Unido,Otros servicios,co2eq,2.3711631978078955,Mt CO₂eq
baseline,2011,hotspot,Reino Unido,Otros servicios,materials,0.17774783557515292,Mt
baseline,2011,hotspot,Reino Unido,Otros servicios,energy,19109.805193394415,TJ
baseline,2011,hotspot,Estados Unidos,Agricultura y pesca,output,380942.5519104621,M€
baseline,2011,hotspot,Estados Unidos,Agricultura y pesca,value_added,131765.55014981757,M€
baseline,2011,hotspot,Estados Unidos,Agricultura y pesca,employment,6856.965934388318,kpersonas
baseline,2011,hotspot,Estados Unidos,Agricultura y pesca,co2eq,12.583680774460758,Mt CO₂eq
baseline,2011,hotspot,Estados Unidos,Agricultura y pesca,materials,0.9399037272707722,Mt
baseline,2011,hotspot,Estados Unidos,Agricultura y pesca,energy,69487.10949751773,TJ
baseline,2011,hotspot,Estados Unidos,Minería y extracción,output,333380.07543045096,M€
baseline,2011,hotspot,Estados Unidos,Minería y extracción,value_added,128979.06216683166,M€
baseline,2011,hotspot,Estados Unidos,Minería y extracción,employment,1174.859691247495,kpersonas
baseline,2011,hotspot,Estados Unidos,Minería y extracción,co2eq,11.607756898282911,Mt CO₂eq
baseline,2011,hotspot,Estados Unidos,Minería y extracción,materials,0.7208101095168545,Mt
baseline,2011,hotspot,Estados Unidos,Minería y extracción,energy,36029.297647709864,TJ
baseline,2011,hotspot,Estados Unidos,Alimentación y bebidas,output,600731.8451535844,M€
baseline,2011,hotspot,Estados Unidos,Alimentación y bebidas,value_added,196148.50955627812,M€
baseline,2011,hotspot,Estados Unidos,Alimentación y bebidas,employment,1925.975344906832,kpersonas
baseline,2011,hotspot,Estados Unidos,Alimentación y bebidas,co2eq,23.29772205948386,Mt CO₂eq
baseline,2011,hotspot,Estados Unidos,Alimentación y bebidas,materials,1.3594041701783528,Mt
baseline,2011,hotspot,Estados Unidos,Alimentación y bebidas,energy,52261.465243373,TJ
baseline,2011,hotspot,Estados Unidos,Textil y calzado,output,297811.3072629101,M€
baseline,2011,hotspot,Estados Unidos,Textil y calzado,value_added,127609.80514371787,M€
baseline,2011,hotspot,Estados Unidos,Textil y calzado,employment,1346.4437465329925,kpersonas
baseline,2011,hotspot,Estados Unidos,Textil y calzado,co2eq,8.213294670769058,Mt CO₂eq
baseline,2011,hotspot,Estados Unidos,Textil y calzado,materials,0.7301804869983485,Mt
baseline,2011,hotspot,Estados Unidos,Textil y calzado,energy,33880.82114812837,TJ
baseline,2011,hotspot,Estados Unidos,"Madera, papel e imprenta",output,329873.54872231575,M€
baseline,2011,hotspot,Estados Unidos,"Madera, papel e imprenta",value_added,136494.39397898322,M€
baseline,2011,hotspot,Estados Unidos,"Madera, papel e imprenta",employment,1137.15673670756,kpersonas
baseline,2011,hotspot,Estados Unidos,"Madera, papel e imprenta",co2eq,8.311777695260608,Mt CO₂eq
baseline,2011,hotspot,Estados Unidos,"Madera, papel e imprenta",materials,0.5433972129648726,Mt
baseline,2011,hotspot,Estados Unidos,"Madera, papel e imprenta",energy,38011.74166865117,TJ
baseline,2011,hotspot,Estados Unidos,Productos químicos,output,472222.8973902825,M€
baseline,2011,hotspot,Estados Unidos,Productos químicos,value_added,192628.90146070402,M€
baseline,2011,hotspot,Estados Unidos,Productos químicos,employment,1110.0069902024597,kpersonas
baseline,2011,hotspot,Estados Unidos,Productos químicos,co2eq,165.2780140865989,Mt CO₂eq
baseline,2011,hotspot,Estados Unidos,Productos químicos,materials,0.907542987240366,Mt
baseline,2011,hotspot,Estados Unidos,Productos químicos,energy,1180557.243475706,TJ
baseline,2011,hotspot,Estados Unidos,Refino y combustibles,output,403169.8143546252,M€
baseline,2011,hotspot,Estados Unidos,Refino y combustibles,value_added,80633.96287092504,M€
baseline,2011,hotspot,Estados Unidos,Refino y combustibles,employment,996.6452993119633,kpersonas
baseline,2011,hotspot,Estados Unidos,Refino y combustibles,co2eq,241.9018886127751,Mt CO₂eq
baseline,2011,hotspot,Estados Unidos,Refino y combustibles,materials,0.3424897316334664,Mt
baseline,2011,hotspot,Estados Unidos,Refino y combustibles,energy,1612679.2574185007,TJ
baseline,2011,hotspot,Estados Unidos,Plásticos y caucho,output,277144.45622158947,M€
baseline,2011,hotspot,Estados Unidos,Plásticos y caucho,value_added,109221.611997398,M€
baseline,2011,hotspot,Estados Unidos,Plásticos y caucho,employment,1620.627333172747,kpersonas
baseline,2011,hotspot,Estados Unidos,Plásticos y caucho,co2eq,12.968298537467586,Mt CO₂eq
baseline,2011,hotspot,Estados Unidos,Plásticos y caucho,materials,0.21792566548865977,Mt
baseline,2011,hotspot,Estados Unidos,Plásticos y caucho,energy,48241.92164523213,TJ
baseline,2011,hotspot,Estados Unidos,Acero y metalurgia primaria,output,515065.5493848695,M€
baseline,2011,hotspot,Estados Unidos,Acero y metalurgia primaria,value_added,128766.38734621738,M€
baseline,2011,hotspot,Estados Unidos,Acero y metalurgia primaria,employment,2902.0455492489305,kpersonas
baseline,2011,hotspot,Estados Unidos,Acero y metalurgia primaria,co2eq,360.54588456940866,Mt CO₂eq
baseline,2011,hotspot,Estados Unidos,Acero y metalurgia primaria,materials,14.421835382776345,Mt
baseline,2011,hotspot,Estados Unidos,Acero y metalurgia primaria,energy,1802729.4228470435,TJ
baseline,2011,hotspot,Estados Unidos,Acero secundario y reciclaje,output,79257.68397111785,M€
baseline,2011,hotspot,Estados Unidos,Acero secundario y reciclaje,value_added,31503.105677695887,M€
baseline,2011,hotspot,Estados Unidos,Acero secundario y reciclaje,employment,380.34403547787196,kpersonas
baseline,2011,hotspot,Estados Unidos,Acero secundario y reciclaje,co2eq,19.81442099277946,Mt CO₂eq
baseline,2011,hotspot,Estados Unidos,Acero secundario y reciclaje,materials,1.7436690473645926,Mt
baseline,2011,hotspot,Estados Unidos,Acero secundario y reciclaje,energy,10205.728489773213,TJ
baseline,2011,hotspot,Estados Unidos,Maquinaria y equipos,output,540290.6791408503,M€
baseline,2011,hotspot,Estados Unidos,Maquinaria y equipos,value_added,168930.8756849939,M€
baseline,2011,hotspot,Estados Unidos,Maquinaria y equipos,employment,1655.1696064421628,kpersonas
baseline,2011,hotspot,Estados Unidos,Maquinaria y equipos,co2eq,25.939681884394282,Mt CO₂eq
baseline,2011,hotspot,Estados Unidos,Maquinaria y equipos,materials,5.402906791408503,Mt
baseline,2011,hotspot,Estados Unidos,Maquinaria y equipos,energy,96000.169507153,TJ
baseline,2011,hotspot,Estados Unidos,Equipos electrónicos,output,444527.203183805,M€
baseline,2011,hotspot,Estados Unidos,Equipos electrónicos,value_added,161083.8161876452,M€
baseline,2011,hotspot,Estados Unidos,Equipos electrónicos,employment,2612.355464024393,kpersonas
baseline,2011,hotspot,Estados Unidos,Equipos electrónicos,co2eq,14.444762842135194,Mt CO₂eq
baseline,2011,hotspot,Estados Unidos,Equipos electrónicos,materials,1.0724206079067833,Mt
baseline,2011,hotspot,Estados Unidos,Equipos electrónicos,energy,44469.05686598501,TJ
baseline,2011,hotspot,Estados Unidos,Vehículos y partes,output,604014.5146720647,M€
baseline,2011,hotspot,Estados Unidos,Vehículos y partes,value_added,184974.68915591988,M€
baseline,2011,hotspot,Estados Unidos,Vehículos y partes,employment,3089.536426581454,kpersonas
baseline,2011,hotspot,Estados Unidos,Vehículos y partes,co2eq,32.18817029427294,Mt CO₂eq
baseline,2011,hotspot,Estados Unidos,Vehículos y partes,materials,10.872261264097164,Mt
baseline,2011,hotspot,Estados Unidos,Vehículos y partes,energy,49967.3717935026,TJ
baseline,2011,hotspot,Estados Unidos,Construcción,output,793754.5242175153,M€
baseline,2011,hotspot,Estados Unidos,Construcción,value_added,296942.47441984265,M€
baseline,2011,hotspot,Estados Unidos,Construcción,employment,7143.790717957638,kpersonas
baseline,2011,hotspot,Estados Unidos,Construcción,co2eq,142.87581435915274,Mt CO₂eq
baseline,2011,hotspot,Estados Unidos,Construcción,materials,27.781408347613034,Mt
baseline,2011,hotspot,Estados Unidos,Construcción,energy,635003.6193740122,TJ
baseline,2011,hotspot,Estados Unidos,Comercio mayorista y minorista,output,943375.8276774454,M€
baseline,2011,hotspot,Estados Unidos,Comercio mayorista y minorista,value_added,329690.2124337026,M€
baseline,2011,hotspot,Estados Unidos,Comercio mayorista y minorista,employment,11320.509932129346,kpersonas
baseline,2011,hotspot,Estados Unidos,Comercio mayorista y minorista,co2eq,33.48902601453714,Mt CO₂eq
baseline,2011,hotspot,Estados Unidos,Comercio mayorista y minorista,materials,1.7905442091171195,Mt
baseline,2011,hotspot,Estados Unidos,Comercio mayorista y minorista,energy,157244.82824413182,TJ
baseline,2011,hotspot,Estados Unidos,Transporte y logística,output,682492.1244943889,M€
baseline,2011,hotspot,Estados Unidos,Transporte y logística,value_added,219543.13045331917,M€
baseline,2011,hotspot,Estados Unidos,Transporte y logística,employment,2108.1951366662706,kpersonas
baseline,2011,hotspot,Estados Unidos,Transporte y logística,co2eq,170.62303112359723,Mt CO₂eq
baseline,2011,hotspot,Estados Unidos,Transporte y logística,materials,0.8598549326647695,Mt
baseline,2011,hotspot,Estados Unidos,Transporte y logística,energy,92426.67861513354,TJ
baseline,2011,hotspot,Estados Unidos,Energía y suministros,output,510381.6782730282,M€
baseline,2011,hotspot,Estados Unidos,Energía y suministros,value_added,161030.75051260562,M€
baseline,2011,hotspot,Estados Unidos,Energía y suministros,employment,1217.548080683076,kpersonas
baseline,2011,hotspot,Estados Unidos,Energía y suministros,co2eq,408.3053426184226,Mt CO₂eq
baseline,2011,hotspot,Estados Unidos,Energía y suministros,materials,0.2945129844553278,Mt
baseline,2011,hotspot,Estados Unidos,Energía y suministros,energy,3062290.0696381694,TJ
baseline,2011,hotspot,Estados Unidos,Servicios financieros y empresariales,output,998451.6774456,M€
baseline,2011,hotspot,Estados Unidos,Servicios financieros y empresariales,value_added,549148.4225950801,M€
baseline,2011,hotspot,Estados Unidos,Servicios financieros y empresariales,employment,7987.6134195648,kpersonas
baseline,2011,hotspot,Estados Unidos,Servicios financieros y empresariales,co2eq,25.550477616388164,Mt CO₂eq
baseline,2011,hotspot,Estados Unidos,Servicios financieros y empresariales,materials,1.5893288633445881,Mt
baseline,2011,hotspot,Estados Unidos,Servicios financieros y empresariales,energy,139908.41373692482,TJ
baseline,2011,hotspot,Estados Unidos,Salud y educación,output,449751.1392675895,M€
baseline,2011,hotspot,Estados Unidos,Salud y educación,value_added,269850.6835605537,M€
baseline,2011,hotspot,Estados Unidos,Salud y educación,employment,6296.515949746253,kpersonas
baseline,2011,hotspot,Estados Unidos,Salud y educación,co2eq,12.591380457836426,Mt CO₂eq
baseline,2011,hotspot,Estados Unidos,Salud y educación,materials,0.46614982230866026,Mt
baseline,2011,hotspot,Estados Unidos,Salud y educación,energy,44200.396147745916,TJ
baseline,2011,hotspot,Estados Unidos,Otros servicios,output,281488.87647708546,M€
baseline,2011,hotspot,Estados Unidos,Otros servicios,value_added,123508.31635236058,M€
baseline,2011,hotspot,Estados Unidos,Otros servicios,employment,2814.8887647708543,kpersonas
baseline,2011,hotspot,Estados Unidos,Otros servicios,co2eq,5.712673411162981,Mt CO₂eq
baseline,2011,hotspot,Estados Unidos,Otros servicios,materials,0.4282351105654312,Mt
baseline,2011,hotspot,Estados Unidos,Otros servicios,energy,46039.88292401499,TJ
baseline,2011,hotspot,China,Agricultura y pesca,output,435806.8524713517,M€
baseline,2011,hotspot,China,Agricultura y pesca,value_added,150742.75474598393,M€
baseline,2011,hotspot,China,Agricultura y pesca,employment,7844.523344484331,kpersonas
baseline,2011,hotspot,China,Agricultura y pesca,co2eq,14.396014000848593,Mt CO₂eq
baseline,2011,hotspot,China,Agricultura y pesca,materials,1.0752710164661377,Mt
baseline,2011,hotspot,China,Agricultura y pesca,energy,79494.81706775348,TJ
baseline,2011,hotspot,China,Minería y extracción,output,369321.02475220413,M€
baseline,2011,hotspot,China,Minería y extracción,value_added,142884.00213938387,M€
baseline,2011,hotspot,China,Minería y extracción,employment,1301.518648201585,kpersonas
baseline,2011,hotspot,China,Minería y extracción,co2eq,12.859162825532007,Mt CO₂eq
baseline,2011,hotspot,China,Minería y extracción,materials,0.7985190115359772,Mt
baseline,2011,hotspot,China,Minería y extracción,energy,39913.534458151305,TJ
baseline,2011,hotspot,China,Alimentación y bebidas,output,723791.4903504656,M€
baseline,2011,hotspot,China,Alimentación y bebidas,value_added,236329.44250768758,M€
baseline,2011,hotspot,China,Alimentación y bebidas,employment,2320.5105181530275,kpersonas
baseline,2011,hotspot,China,Alimentación y bebidas,co2eq,28.07024982485087,Mt CO₂eq
baseline,2011,hotspot,China,Alimentación y bebidas,materials,1.6378774960239966,Mt
baseline,2011,hotspot,China,Alimentación y bebidas,energy,62967.20262387494,TJ
baseline,2011,hotspot,China,Textil y calzado,output,262450.0774188895,M€
baseline,2011,hotspot,China,Textil y calzado,value_added,112457.79600239244,M€
baseline,2011,hotspot,China,Textil y calzado,employment,1186.571016277102,kpersonas
baseline,2011,hotspot,China,Textil y calzado,co2eq,7.238072462791109,Mt CO₂eq
baseline,2011,hotspot,China,Textil y calzado,materials,0.6434810252966698,Mt
baseline,2011,hotspot,China,Textil y calzado,energy,29857.913102983333,TJ
baseline,2011,hotspot,China,"Madera, papel e imprenta",output,337496.1708676901,M€
baseline,2011,hotspot,China,"Madera, papel e imprenta",value_added,139648.46678746864,M€
baseline,2011,hotspot,China,"Madera, papel e imprenta",employment,1163.4338242690285,kpersonas
baseline,2011,hotspot,China,"Madera, papel e imprenta",co2eq,8.503843839917316,Mt CO₂eq
baseline,2011,hotspot,China,"Madera, papel e imprenta",materials,0.5559538779212604,Mt
baseline,2011,hotspot,China,"Madera, papel e imprenta",energy,38890.105953844635,TJ
baseline,2011,hotspot,China,Productos químicos,output,521972.08071715035,M€
baseline,2011,hotspot,China,Productos químicos,value_added,212922.5606326384,M€
baseline,2011,hotspot,China,Productos químicos,employment,1226.947404474763,kpersonas
baseline,2011,hotspot,China,Productos químicos,co2eq,182.69022825100265,Mt CO₂eq
baseline,2011,hotspot,China,Productos químicos,materials,1.0031536039613065,Mt
baseline,2011,hotspot,China,Productos químicos,energy,1304930.2017928758,TJ
baseline,2011,hotspot,China,Refino y combustibles,output,475056.39104780107,M€
baseline,2011,hotspot,China,Refino y combustibles,value_added,95011.27820956022,M€
baseline,2011,hotspot,China,Refino y combustibles,employment,1174.3506140304503,kpersonas
baseline,2011,hotspot,China,Refino y combustibles,co2eq,285.03383462868067,Mt CO₂eq
baseline,2011,hotspot,China,Refino y combustibles,materials,0.4035568390485034,Mt
baseline,2011,hotspot,China,Refino y combustibles,energy,1900225.5641912043,TJ
baseline,2011,hotspot,China,Plásticos y caucho,output,321655.1478639131,M€
baseline,2011,hotspot,China,Plásticos y caucho,value_added,126763.11204604658,M€
baseline,2011,hotspot,China,Plásticos y caucho,employment,1880.9076378103334,kpersonas
baseline,2011,hotspot,China,Plásticos y caucho,co2eq,15.051067737315106,Mt CO₂eq
baseline,2011,hotspot,China,Plásticos y caucho,materials,0.2529255432771525,Mt
baseline,2011,hotspot,China,Plásticos y caucho,energy,55989.79915235866,TJ
baseline,2011,hotspot,China,Acero y metalurgia primaria,output,495215.1096610093,M€
baseline,2011,hotspot,China,Acero y metalurgia primaria,value_added,123803.77741525232,M€
baseline,2011,hotspot,China,Acero y metalurgia primaria,employment,2790.201764860591,kpersonas
baseline,2011,hotspot,China,Acero y metalurgia primaria,co2eq,346.6505767627065,Mt CO₂eq
baseline,2011,hotspot,China,Acero y metalurgia primaria,materials,13.86602307050826,Mt
baseline,2011,hotspot,China,Acero y metalurgia primaria,energy,1733252.8838135323,TJ
baseline,2011,hotspot,China,Acero secundario y reciclaje,output,88801.52983825134,M€
baseline,2011,hotspot,China,Acero secundario y reciclaje,value_added,35296.564808213894,M€
baseline,2011,hotspot,China,Acero secundario y reciclaje,employment,426.1433153610331,kpersonas
baseline,2011,hotspot,China,Acero secundario y reciclaje,co2eq,22.200382459562835,Mt CO₂eq
baseline,2011,hotspot,China,Acero secundario y reciclaje,materials,1.9536336564415295,Mt
baseline,2011,hotspot,China,Acero secundario y reciclaje,energy,11434.655387305354,TJ
baseline,2011,hotspot,China,Maquinaria y equipos,output,640153.5098126414,M€
baseline,2011,hotspot,China,Maquinaria y equipos,value_added,200154.65222800928,M€
baseline,2011,hotspot,China,Maquinaria y equipos,employment,1961.0973755535356,kpersonas
baseline,2011,hotspot,China,Maquinaria y equipos,co2eq,30.734156710094712,Mt CO₂eq
baseline,2011,hotspot,China,Maquinaria y equipos,materials,6.4015350981264145,Mt
baseline,2011,hotspot,China,Maquinaria y equipos,energy,113744.04154137115,TJ
baseline,2011,hotspot,China,Equipos electrónicos,output,502187.19123464805,M€
baseline,2011,hotspot,China,Equipos electrónicos,value_added,181978.13007898955,M€
baseline,2011,hotspot,China,Equipos electrónicos,employment,2951.206233474195,kpersonas
baseline,2011,hotspot,China,Equipos electrónicos,co2eq,16.318404875534874,Mt CO₂eq
baseline,2011,hotspot,China,Equipos electrónicos,materials,1.2115251643759963,Mt
baseline,2011,hotspot,China,Equipos electrónicos,energy,50237.17469805556,TJ
baseline,2011,hotspot,China,Vehículos y partes,output,672524.6070047412,M€
baseline,2011,hotspot,China,Vehículos y partes,value_added,205955.3654897668,M€
baseline,2011,hotspot,China,Vehículos y partes,employment,3439.9657965862148,kpersonas
baseline,2011,hotspot,China,Vehículos y partes,co2eq,35.839099974460886,Mt CO₂eq
baseline,2011,hotspot,China,Vehículos y partes,materials,12.105442926085342,Mt
baseline,2011,hotspot,China,Vehículos y partes,energy,55634.8999274128,TJ
baseline,2011,hotspot,China,Construcción,output,852548.0037670946,M€
baseline,2011,hotspot,China,Construcción,value_added,318937.0341540563,M€
baseline,2011,hotspot,China,Construcción,employment,7672.932033903851,kpersonas
baseline,2011,hotspot,China,Construcción,co2eq,153.45864067807702,Mt CO₂eq
baseline,2011,hotspot,China,Construcción,materials,29.839180131848313,Mt
baseline,2011,hotspot,China,Construcción,energy,682038.4030136756,TJ
baseline,2011,hotspot,China,Comercio mayorista y minorista,output,1112094.9814436932,M€
baseline,2011,hotspot,China,Comercio mayorista y minorista,value_added,388654.0442543414,M€
baseline,2011,hotspot,China,Comercio mayorista y minorista,employment,13345.139777324317,kpersonas
baseline,2011,hotspot,China,Comercio mayorista y minorista,co2eq,39.47841005836963,Mt CO₂eq
baseline,2011,hotspot,China,Comercio mayorista y minorista,materials,2.110776183352724,Mt
baseline,2011,hotspot,China,Comercio mayorista y minorista,energy,185367.46354716393,TJ
baseline,2011,hotspot,China,Transporte y logística,output,739528.6022629618,M€
baseline,2011,hotspot,China,Transporte y logística,value_added,237890.54638668292,M€
baseline,2011,hotspot,China,Transporte y logística,employment,2284.378891362868,kpersonas
baseline,2011,hotspot,China,Transporte y logística,co2eq,184.88215056574046,Mt CO₂eq
baseline,2011,hotspot,China,Transporte y logística,materials,0.9317137790763154,Mt
baseline,2011,hotspot,China,Transporte y logística,energy,100150.85888162456,TJ
baseline,2011,hotspot,China,Energía y suministros,output,553177.8790230508,M€
baseline,2011,hotspot,China,Energía y suministros,value_added,174533.39886233275,M€
baseline,2011,hotspot,China,Energía y suministros,employment,1319.641150050357,kpersonas
baseline,2011,hotspot,China,Energía y suministros,co2eq,442.5423032184407,Mt CO₂eq
baseline,2011,hotspot,China,Energía y suministros,materials,0.3192083004174654,Mt
baseline,2011,hotspot,China,Energía y suministros,energy,3319067.2741383044,TJ
baseline,2011,hotspot,China,Servicios financieros y empresariales,output,1184466.1176418192,M€
baseline,2011,hotspot,China,Servicios financieros y empresariales,value_added,651456.3647030006,M€
baseline,2011,hotspot,China,Servicios financieros y empresariales,employment,9475.728941134554,kpersonas
baseline,2011,hotspot,China,Servicios financieros y empresariales,co2eq,30.310605620497228,Mt CO₂eq
baseline,2011,hotspot,China,Servicios financieros y empresariales,materials,1.8854254351477284,Mt
baseline,2011,hotspot,China,Servicios financieros y empresariales,energy,165973.75655511348,TJ
baseline,2011,hotspot,China,Salud y educación,output,524587.3030474642,M€
baseline,2011,hotspot,China,Salud y educación,value_added,314752.38182847854,M€
baseline,2011,hotspot,China,Salud y educación,employment,7344.2222426645,kpersonas
baseline,2011,hotspot,China,Salud y educación,co2eq,14.686518252688625,Mt CO₂eq
baseline,2011,hotspot,China,Salud y educación,materials,0.5437146384980305,Mt
baseline,2011,hotspot,China,Salud y educación,energy,51555.10366585187,TJ
baseline,2011,hotspot,China,Otros servicios,output,343378.50308356906,M€
baseline,2011,hotspot,China,Otros servicios,value_added,150663.50513817853,M€
baseline,2011,hotspot,China,Otros servicios,employment,3433.7850308356906,kpersonas
baseline,2011,hotspot,China,Otros servicios,co2eq,6.96869186832729,Mt CO₂eq
baseline,2011,hotspot,China,Otros servicios,materials,0.5223891369141002,Mt
baseline,2011,hotspot,China,Otros servicios,energy,56162.454013979404,TJ
baseline,2011,hotspot,Japón,Agricultura y pesca,output,130681.02838253784,M€
baseline,2011,hotspot,Japón,Agricultura y pesca,value_added,45201.717457429884,M€
baseline,2011,hotspot,Japón,Agricultura y pesca,employment,2352.258510885681,kpersonas
baseline,2011,hotspot,Japón,Agricultura y pesca,co2eq,4.316788282634853,Mt CO₂eq
baseline,2011,hotspot,Japón,Agricultura y pesca,materials,0.3224307314694386,Mt
baseline,2011,hotspot,Japón,Agricultura y pesca,energy,23837.313219343298,TJ
baseline,2011,hotspot,Japón,Minería y extracción,output,104738.04463060583,M€
baseline,2011,hotspot,Japón,Minería y extracción,value_added,40521.36214859523,M€
baseline,2011,hotspot,Japón,Minería y extracción,employment,369.1057619976178,kpersonas
baseline,2011,hotspot,Japón,Minería y extracción,co2eq,3.6468099015929654,Mt CO₂eq
baseline,2011,hotspot,Japón,Minería y extracción,materials,0.22645696904138488,Mt
baseline,2011,hotspot,Japón,Minería y extracción,energy,11319.327287819471,TJ
baseline,2011,hotspot,Japón,Alimentación y bebidas,output,204955.04020234948,M€
baseline,2011,hotspot,Japón,Alimentación y bebidas,value_added,66921.08298580356,M€
baseline,2011,hotspot,Japón,Alimentación y bebidas,employment,657.0957698158886,kpersonas
baseline,2011,hotspot,Japón,Alimentación y bebidas,co2eq,7.94861401113819,Mt CO₂eq
baseline,2011,hotspot,Japón,Alimentación y bebidas,materials,0.4637955164153385,Mt
baseline,2011,hotspot,Japón,Alimentación y bebidas,energy,17830.33610820273,TJ
baseline,2011,hotspot,Japón,Textil y calzado,output,86038.88741380238,M€
baseline,2011,hotspot,Japón,Textil y calzado,value_added,36866.98721605254,M€
baseline,2011,hotspot,Japón,Textil y calzado,employment,388.9930271005466,kpersonas
baseline,2011,hotspot,Japón,Textil y calzado,co2eq,2.3728539455717668,Mt CO₂eq
baseline,2011,hotspot,Japón,Textil y calzado,materials,0.2109520867088665,Mt
baseline,2011,hotspot,Japón,Textil y calzado,energy,9788.305833792761,TJ
baseline,2011,hotspot,Japón,"Madera, papel e imprenta",output,99455.59789201351,M€
baseline,2011,hotspot,Japón,"Madera, papel e imprenta",value_added,41152.53137048352,M€
baseline,2011,hotspot,Japón,"Madera, papel e imprenta",employment,342.8483538138578,kpersonas
baseline,2011,hotspot,Japón,"Madera, papel e imprenta",co2eq,2.5059687975270606,Mt CO₂eq
baseline,2011,hotspot,Japón,"Madera, papel e imprenta",materials,0.16383215604161344,Mt
baseline,2011,hotspot,Japón,"Madera, papel e imprenta",energy,11460.392957286902,TJ
baseline,2011,hotspot,Japón,Productos químicos,output,142531.94467330843,M€
baseline,2011,hotspot,Japón,Productos químicos,value_added,58141.55153680661,M€
baseline,2011,hotspot,Japón,Productos químicos,employment,335.03554314894666,kpersonas
baseline,2011,hotspot,Japón,Productos químicos,co2eq,49.88618063565795,Mt CO₂eq
baseline,2011,hotspot,Japón,Productos químicos,materials,0.273925444024127,Mt
baseline,2011,hotspot,Japón,Productos químicos,energy,356329.86168327107,TJ
baseline,2011,hotspot,Japón,Refino y combustibles,output,131333.8518973762,M€
baseline,2011,hotspot,Japón,Refino y combustibles,value_added,26266.770379475245,M€
baseline,2011,hotspot,Japón,Refino y combustibles,employment,324.6603824832005,kpersonas
baseline,2011,hotspot,Japón,Refino y combustibles,co2eq,78.80031113842573,Mt CO₂eq
baseline,2011,hotspot,Japón,Refino y combustibles,materials,0.11156712156817696,Mt
baseline,2011,hotspot,Japón,Refino y combustibles,energy,525335.4075895048,TJ
baseline,2011,hotspot,Japón,Plásticos y caucho,output,88449.84241187791,M€
baseline,2011,hotspot,Japón,Plásticos y caucho,value_added,34857.757939119714,M€
baseline,2011,hotspot,Japón,Plásticos y caucho,employment,517.2184722067876,kpersonas
baseline,2011,hotspot,Japón,Plásticos y caucho,co2eq,4.138794539235096,Mt CO₂eq
baseline,2011,hotspot,Japón,Plásticos y caucho,materials,0.06955033859513306,Mt
baseline,2011,hotspot,Japón,Plásticos y caucho,energy,15396.268160440102,TJ
baseline,2011,hotspot,Japón,Acero y metalurgia primaria,output,159317.71061214077,M€
baseline,2011,hotspot,Japón,Acero y metalurgia primaria,value_added,39829.42765303519,M€
baseline,2011,hotspot,Japón,Acero y metalurgia primaria,employment,897.6474034240156,kpersonas
baseline,2011,hotspot,Japón,Acero y metalurgia primaria,co2eq,111.52239742849855,Mt CO₂eq
baseline,2011,hotspot,Japón,Acero y metalurgia primaria,materials,4.460895897139942,Mt
baseline,2011,hotspot,Japón,Acero y metalurgia primaria,energy,557611.9871424927,TJ
baseline,2011,hotspot,Japón,Acero secundario y reciclaje,output,22990.789059082887,M€
baseline,2011,hotspot,Japón,Acero secundario y reciclaje,value_added,9138.309638291179,M€
baseline,2011,hotspot,Japón,Acero secundario y reciclaje,employment,110.32885458447949,kpersonas
baseline,2011,hotspot,Japón,Acero secundario y reciclaje,co2eq,5.747697264770721,Mt CO₂eq
baseline,2011,hotspot,Japón,Acero secundario y reciclaje,materials,0.5057973592998235,Mt
baseline,2011,hotspot,Japón,Acero secundario y reciclaje,energy,2960.441677656799,TJ
baseline,2011,hotspot,Japón,Maquinaria y equipos,output,171214.77893974172,M€
baseline,2011,hotspot,Japón,Maquinaria y equipos,value_added,53533.15104842491,M€
baseline,2011,hotspot,Japón,Maquinaria y equipos,employment,524.5130245915207,kpersonas
baseline,2011,hotspot,Japón,Maquinaria y equipos,co2eq,8.220124964336064,Mt CO₂eq
baseline,2011,hotspot,Japón,Maquinaria y equipos,materials,1.712147789397417,Mt
baseline,2011,hotspot,Japón,Maquinaria y equipos,energy,30421.860740743978,TJ
baseline,2011,hotspot,Japón,Equipos electrónicos,output,150636.06566194608,M€
baseline,2011,hotspot,Japón,Equipos electrónicos,value_added,54586.1583689981,M€
baseline,2011,hotspot,Japón,Equipos electrónicos,employment,885.2437969885272,kpersonas
baseline,2011,hotspot,Japón,Equipos electrónicos,co2eq,4.894868589311989,Mt CO₂eq
baseline,2011,hotspot,Japón,Equipos electrónicos,materials,0.3634090781235584,Mt
baseline,2011,hotspot,Japón,Equipos electrónicos,energy,15069.142500193737,TJ
baseline,2011,hotspot,Japón,Vehículos y partes,output,190822.6169913126,M€
baseline,2011,hotspot,Japón,Vehículos y partes,value_added,58437.923931432444,M€
baseline,2011,hotspot,Japón,Vehículos y partes,employment,976.0583758990384,kpersonas
baseline,2011,hotspot,Japón,Vehículos y partes,co2eq,10.169012072582344,Mt CO₂eq
baseline,2011,hotspot,Japón,Vehículos y partes,materials,3.4348071058436265,Mt
baseline,2011,hotspot,Japón,Vehículos y partes,energy,15785.886627229169,TJ
baseline,2011,hotspot,Japón,Construcción,output,251470.72352549614,M€
baseline,2011,hotspot,Japón,Construcción,value_added,94074.85136720461,M€
baseline,2011,hotspot,Japón,Construcción,employment,2263.2365117294653,kpersonas
baseline,2011,hotspot,Japón,Construcción,co2eq,45.26473023458931,Mt CO₂eq
baseline,2011,hotspot,Japón,Construcción,materials,8.801475323392365,Mt
baseline,2011,hotspot,Japón,Construcción,energy,201176.5788203969,TJ
baseline,2011,hotspot,Japón,Comercio mayorista y minorista,output,340316.0254414157,M€
baseline,2011,hotspot,Japón,Comercio mayorista y minorista,value_added,118933.36614168176,M€
baseline,2011,hotspot,Japón,Comercio mayorista y minorista,employment,4083.7923052969886,kpersonas
baseline,2011,hotspot,Japón,Comercio mayorista y minorista,co2eq,12.08092458466957,Mt CO₂eq
baseline,2011,hotspot,Japón,Comercio mayorista y minorista,materials,0.6459259085788529,Mt
baseline,2011,hotspot,Japón,Comercio mayorista y minorista,energy,56724.93761156438,TJ
baseline,2011,hotspot,Japón,Transporte y logística,output,226254.3548843189,M€
baseline,2011,hotspot,Japón,Transporte y logística,value_added,72781.1905328557,M€
baseline,2011,hotspot,Japón,Transporte y logística,employment,698.8920655605413,kpersonas
baseline,2011,hotspot,Japón,Transporte y logística,co2eq,56.563588721079725,Mt CO₂eq
baseline,2011,hotspot,Japón,Transporte y logística,materials,0.2850522608276139,Mt
baseline,2011,hotspot,Japón,Transporte y logística,energy,30640.556562699556,TJ
baseline,2011,hotspot,Japón,Energía y suministros,output,144945.69474534655,M€
baseline,2011,hotspot,Japón,Energía y suministros,value_added,45731.88067289535,M€
baseline,2011,hotspot,Japón,Energía y suministros,employment,345.7772093967385,kpersonas
baseline,2011,hotspot,Japón,Energía y suministros,co2eq,115.95655579627724,Mt CO₂eq
baseline,2011,hotspot,Japón,Energía y suministros,materials,0.08364012847766612,Mt
baseline,2011,hotspot,Japón,Energía y suministros,energy,869674.1684720792,TJ
baseline,2011,hotspot,Japón,Servicios financieros y empresariales,output,309945.2875446826,M€
baseline,2011,hotspot,Japón,Servicios financieros y empresariales,value_added,170469.90814957547,M€
baseline,2011,hotspot,Japón,Servicios financieros y empresariales,employment,2479.562300357461,kpersonas
baseline,2011,hotspot,Japón,Servicios financieros y empresariales,co2eq,7.931530699588495,Mt CO₂eq
baseline,2011,hotspot,Japón,Servicios financieros y empresariales,materials,0.49336888572581045,Mt
baseline,2011,hotspot,Japón,Servicios financieros y empresariales,energy,43431.199030635355,TJ
baseline,2011,hotspot,Japón,Salud y educación,output,134180.56623066877,M€
baseline,2011,hotspot,Japón,Salud y educación,value_added,80508.33973840126,M€
baseline,2011,hotspot,Japón,Salud y educación,employment,1878.5279272293628,kpersonas
baseline,2011,hotspot,Japón,Salud y educación,co2eq,3.756563156703984,Mt CO₂eq
baseline,2011,hotspot,Japón,Salud y educación,materials,0.13907301537370245,Mt
baseline,2011,hotspot,Japón,Salud y educación,energy,13186.924200753909,TJ
baseline,2011,hotspot,Japón,Otros servicios,output,86072.35815010525,M€
baseline,2011,hotspot,Japón,Otros servicios,value_added,37765.797969150895,M€
baseline,2011,hotspot,Japón,Otros servicios,employment,860.7235815010526,kpersonas
baseline,2011,hotspot,Japón,Otros servicios,co2eq,1.7467946797543543,Mt CO₂eq
baseline,2011,hotspot,Japón,Otros servicios,materials,0.1309437384181617,Mt
baseline,2011,hotspot,Japón,Otros servicios,energy,14077.861057317203,TJ
baseline,2011,hotspot,India,Agricultura y pesca,output,148557.71021366585,M€
baseline,2011,hotspot,India,Agricultura y pesca,value_added,51385.14539037837,M€
baseline,2011,hotspot,India,Agricultura y pesca,employment,2674.038783845985,kpersonas
baseline,2011,hotspot,India,Agricultura y pesca,co2eq,4.907308969655376,Mt CO₂eq
baseline,2011,hotspot,India,Agricultura y pesca,materials,0.3665380641894131,Mt
baseline,2011,hotspot,India,Agricultura y pesca,energy,27098.169591576156,TJ
baseline,2011,hotspot,India,Minería y extracción,output,118356.22335295111,M€
baseline,2011,hotspot,India,Minería y extracción,value_added,45790.003106698394,M€
baseline,2011,hotspot,India,Minería y extracción,employment,417.0973800582645,kpersonas
baseline,2011,hotspot,India,Minería y extracción,co2eq,4.120972935488284,Mt CO₂eq
baseline,2011,hotspot,India,Minería y extracción,materials,0.25590120287449414,Mt
baseline,2011,hotspot,India,Minería y extracción,energy,12791.081153054429,TJ
baseline,2011,hotspot,India,Alimentación y bebidas,output,203606.75013767398,M€
baseline,2011,hotspot,India,Alimentación y bebidas,value_added,66480.8448183596,M€
baseline,2011,hotspot,India,Alimentación y bebidas,employment,652.7730866698271,kpersonas
baseline,2011,hotspot,India,Alimentación y bebidas,co2eq,7.896324312438528,Mt CO₂eq
baseline,2011,hotspot,India,Alimentación y bebidas,materials,0.4607444526981132,Mt
baseline,2011,hotspot,India,Alimentación y bebidas,energy,17713.03982214516,TJ
baseline,2011,hotspot,India,Textil y calzado,output,89446.9535723626,M€
baseline,2011,hotspot,India,Textil y calzado,value_added,38327.31678650378,M€
baseline,2011,hotspot,India,Textil y calzado,employment,404.4013385214193,kpersonas
baseline,2011,hotspot,India,Textil y calzado,co2eq,2.4668445058194335,Mt CO₂eq
baseline,2011,hotspot,India,Textil y calzado,materials,0.2193080602622253,Mt
baseline,2011,hotspot,India,Textil y calzado,energy,10176.028116873273,TJ
baseline,2011,hotspot,India,"Madera, papel e imprenta",output,107056.61360576819,M€
baseline,2011,hotspot,India,"Madera, papel e imprenta",value_added,44297.66391443001,M€
baseline,2011,hotspot,India,"Madera, papel e imprenta",employment,369.0509585943708,kpersonas
baseline,2011,hotspot,India,"Madera, papel e imprenta",co2eq,2.697490527946537,Mt CO₂eq
baseline,2011,hotspot,India,"Madera, papel e imprenta",materials,0.17635322895138283,Mt
baseline,2011,hotspot,India,"Madera, papel e imprenta",energy,12336.267506336659,TJ
baseline,2011,hotspot,India,Productos químicos,output,152067.30505404435,M€
baseline,2011,hotspot,India,Productos químicos,value_added,62031.21043586464,M€
baseline,2011,hotspot,India,Productos químicos,employment,357.4493581825043,kpersonas
baseline,2011,hotspot,India,Productos químicos,co2eq,53.22355676891552,Mt CO₂eq
baseline,2011,hotspot,India,Productos químicos,materials,0.2922510048814489,Mt
baseline,2011,hotspot,India,Productos químicos,energy,380168.2626351109,TJ
baseline,2011,hotspot,India,Refino y combustibles,output,141579.58004018888,M€
baseline,2011,hotspot,India,Refino y combustibles,value_added,28315.916008037777,M€
baseline,2011,hotspot,India,Refino y combustibles,employment,349.98806433832254,kpersonas
baseline,2011,hotspot,India,Refino y combustibles,co2eq,84.94774802411334,Mt CO₂eq
baseline,2011,hotspot,India,Refino y combustibles,materials,0.12027079073457649,Mt
baseline,2011,hotspot,India,Refino y combustibles,energy,566318.3201607555,TJ
baseline,2011,hotspot,India,Plásticos y caucho,output,104165.76398530064,M€
baseline,2011,hotspot,India,Plásticos y caucho,value_added,41051.344892565685,M€
baseline,2011,hotspot,India,Plásticos y caucho,employment,609.1187483845077,kpersonas
baseline,2011,hotspot,India,Plásticos y caucho,co2eq,4.874182739072005,Mt CO₂eq
baseline,2011,hotspot,India,Plásticos y caucho,materials,0.08190816351556866,Mt
baseline,2011,hotspot,India,Plásticos y caucho,energy,18131.903819417472,TJ
baseline,2011,hotspot,India,Acero y metalurgia primaria,output,179709.06607884375,M€
baseline,2011,hotspot,India,Acero y metalurgia primaria,value_added,44927.26651971094,M€
baseline,2011,hotspot,India,Acero y metalurgia primaria,employment,1012.5388816950269,kpersonas
baseline,2011,hotspot,India,Acero y metalurgia primaria,co2eq,125.79634625519064,Mt CO₂eq
baseline,2011,hotspot,India,Acero y metalurgia primaria,materials,5.031853850207625,Mt
baseline,2011,hotspot,India,Acero y metalurgia primaria,energy,628981.7312759531,TJ
baseline,2011,hotspot,India,Acero secundario y reciclaje,output,28173.274767595074,M€
baseline,2011,hotspot,India,Acero secundario y reciclaje,value_added,11198.228459637296,M€
baseline,2011,hotspot,India,Acero secundario y reciclaje,employment,135.1987148859768,kpersonas
baseline,2011,hotspot,India,Acero secundario y reciclaje,co2eq,7.043318691898768,Mt CO₂eq
baseline,2011,hotspot,India,Acero secundario y reciclaje,materials,0.6198120448870916,Mt
baseline,2011,hotspot,India,Acero secundario y reciclaje,energy,3627.771826522609,TJ
baseline,2011,hotspot,India,Maquinaria y equipos,output,163276.5631934024,M€
baseline,2011,hotspot,India,Maquinaria y equipos,value_added,51051.13573855887,M€
baseline,2011,hotspot,India,Maquinaria y equipos,employment,500.19446064069564,kpersonas
baseline,2011,hotspot,India,Maquinaria y equipos,co2eq,7.839006431036231,Mt CO₂eq
baseline,2011,hotspot,India,Maquinaria y equipos,materials,1.6327656319340238,Mt
baseline,2011,hotspot,India,Maquinaria y equipos,energy,29011.379148789176,TJ
baseline,2011,hotspot,India,Equipos electrónicos,output,172797.9299615709,M€
baseline,2011,hotspot,India,Equipos electrónicos,value_added,62616.977742138224,M€
baseline,2011,hotspot,India,Equipos electrónicos,employment,1015.4825470165057,kpersonas
baseline,2011,hotspot,India,Equipos electrónicos,co2eq,5.61501096002602,Mt CO₂eq
baseline,2011,hotspot,India,Equipos electrónicos,materials,0.4168745124419258,Mt
baseline,2011,hotspot,India,Equipos electrónicos,energy,17286.14338728852,TJ
baseline,2011,hotspot,India,Vehículos y partes,output,202472.06212025564,M€
baseline,2011,hotspot,India,Vehículos y partes,value_added,62005.47477536392,M€
baseline,2011,hotspot,India,Vehículos y partes,employment,1035.6453298563817,kpersonas
baseline,2011,hotspot,India,Vehículos y partes,co2eq,10.789815570736344,Mt CO₂eq
baseline,2011,hotspot,India,Vehículos y partes,materials,3.6444971181646015,Mt
baseline,2011,hotspot,India,Vehículos y partes,energy,16749.592203513104,TJ
baseline,2011,hotspot,India,Construcción,output,276864.4811559752,M€
baseline,2011,hotspot,India,Construcción,value_added,103574.62112668488,M€
baseline,2011,hotspot,India,Construcción,employment,2491.7803304037766,kpersonas
baseline,2011,hotspot,India,Construcción,co2eq,49.83560660807553,Mt CO₂eq
baseline,2011,hotspot,India,Construcción,materials,9.690256840459131,Mt
baseline,2011,hotspot,India,Construcción,energy,221491.58492478012,TJ
baseline,2011,hotspot,India,Comercio mayorista y minorista,output,377298.1386642038,M€
baseline,2011,hotspot,India,Comercio mayorista y minorista,value_added,131857.8448138628,M€
baseline,2011,hotspot,India,Comercio mayorista y minorista,employment,4527.577663970445,kpersonas
baseline,2011,hotspot,India,Comercio mayorista y minorista,co2eq,13.393757620512384,Mt CO₂eq
baseline,2011,hotspot,India,Comercio mayorista y minorista,materials,0.7161186215244488,Mt
baseline,2011,hotspot,India,Comercio mayorista y minorista,energy,62889.23170434315,TJ
baseline,2011,hotspot,India,Transporte y logística,output,219086.58157606775,M€
baseline,2011,hotspot,India,Transporte y logística,value_added,70475.47104687775,M€
baseline,2011,hotspot,India,Transporte y logística,employment,676.7510557424775,kpersonas
baseline,2011,hotspot,India,Transporte y logística,co2eq,54.771645394016936,Mt CO₂eq
baseline,2011,hotspot,India,Transporte y logística,materials,0.2760217606736546,Mt
baseline,2011,hotspot,India,Transporte y logística,energy,29669.85894411728,TJ
baseline,2011,hotspot,India,Energía y suministros,output,170851.67299687077,M€
baseline,2011,hotspot,India,Energía y suministros,value_added,53905.487403297135,M€
baseline,2011,hotspot,India,Energía y suministros,employment,407.5775745765552,kpersonas
baseline,2011,hotspot,India,Energía y suministros,co2eq,136.6813383974966,Mt CO₂eq
baseline,2011,hotspot,India,Energía y suministros,materials,0.0985890329836185,Mt
baseline,2011,hotspot,India,Energía y suministros,energy,1025110.0379812246,TJ
baseline,2011,hotspot,India,Servicios financieros y empresariales,output,358325.02356862946,M€
baseline,2011,hotspot,India,Servicios financieros y empresariales,value_added,197078.76296274623,M€
baseline,2011,hotspot,India,Servicios financieros y empresariales,employment,2866.600188549036,kpersonas
baseline,2011,hotspot,India,Servicios financieros y empresariales,co2eq,9.169572950695805,Mt CO₂eq
baseline,2011,hotspot,India,Servicios financieros y empresariales,materials,0.5703794337581062,Mt
baseline,2011,hotspot,India,Servicios financieros y empresariales,energy,50210.42758723253,TJ
baseline,2011,hotspot,India,Salud y educación,output,146902.0829278358,M€
baseline,2011,hotspot,India,Salud y educación,value_added,88141.24975670148,M€
baseline,2011,hotspot,India,Salud y educación,employment,2056.629160989701,kpersonas
baseline,2011,hotspot,India,Salud y educación,co2eq,4.112718912074835,Mt CO₂eq
baseline,2011,hotspot,India,Salud y educación,materials,0.1522583799678604,Mt
baseline,2011,hotspot,India,Salud y educación,energy,14437.162451468814,TJ
baseline,2011,hotspot,India,Otros servicios,output,106188.8922974716,M€
baseline,2011,hotspot,India,Otros servicios,value_added,46592.28978112216,M€
baseline,2011,hotspot,India,Otros servicios,employment,1061.888922974716,kpersonas
baseline,2011,hotspot,India,Otros servicios,co2eq,2.1550494967356104,Mt CO₂eq
baseline,2011,hotspot,India,Otros servicios,materials,0.16154745652100463,Mt
baseline,2011,hotspot,India,Otros servicios,energy,17368.090101437498,TJ
baseline,2011,hotspot,Resto del mundo,Agricultura y pesca,output,629322.1241797928,M€
baseline,2011,hotspot,Resto del mundo,Agricultura y pesca,value_added,217678.4281465429,M€
baseline,2011,hotspot,Resto del mundo,Agricultura y pesca,employment,11327.79823523627,kpersonas
baseline,2011,hotspot,Resto del mundo,Agricultura y pesca,co2eq,20.7884067434016,Mt CO₂eq
baseline,2011,hotspot,Resto del mundo,Agricultura y pesca,materials,1.5527333641361638,Mt
baseline,2011,hotspot,Resto del mundo,Agricultura y pesca,energy,114793.6221164657,TJ
baseline,2011,hotspot,Resto del mundo,Minería y extracción,output,534878.604094897,M€
baseline,2011,hotspot,Resto del mundo,Minería y extracción,value_added,206935.4044034825,M€
baseline,2011,hotspot,Resto del mundo,Minería y extracción,employment,1884.9576143698448,kpersonas
baseline,2011,hotspot,Resto del mundo,Minería y extracción,co2eq,18.623610899391405,Mt CO₂eq
baseline,2011,hotspot,Resto del mundo,Minería y extracción,materials,1.1564755473105555,Mt
baseline,2011,hotspot,Resto del mundo,Minería y extracción,energy,57805.795404671524,TJ
baseline,2011,hotspot,Resto del mundo,Alimentación y bebidas,output,916958.1789274479,M€
baseline,2011,hotspot,Resto del mundo,Alimentación y bebidas,value_added,299401.44104741863,M€
baseline,2011,hotspot,Resto del mundo,Alimentación y bebidas,employment,2939.8122626134846,kpersonas
baseline,2011,hotspot,Resto del mundo,Alimentación y bebidas,co2eq,35.56168524303956,Mt CO₂eq
baseline,2011,hotspot,Resto del mundo,Alimentación y bebidas,materials,2.0749969930334453,Mt
baseline,2011,hotspot,Resto del mundo,Alimentación y bebidas,energy,79771.99541567784,TJ
baseline,2011,hotspot,Resto del mundo,Textil y calzado,output,438695.57802625734,M€
baseline,2011,hotspot,Resto del mundo,Textil y calzado,value_added,187977.60818369518,M€
baseline,2011,hotspot,Resto del mundo,Textil y calzado,employment,1983.3999020852314,kpersonas
baseline,2011,hotspot,Resto del mundo,Textil y calzado,co2eq,12.098721456241199,Mt CO₂eq
baseline,2011,hotspot,Resto del mundo,Textil y calzado,materials,1.0756037228782838,Mt
baseline,2011,hotspot,Resto del mundo,Textil y calzado,energy,49908.67054104472,TJ
baseline,2011,hotspot,Resto del mundo,"Madera, papel e imprenta",output,503723.5902836154,M€
baseline,2011,hotspot,Resto del mundo,"Madera, papel e imprenta",value_added,208429.7042154094,M€
baseline,2011,hotspot,Resto del mundo,"Madera, papel e imprenta",employment,1736.4613693585961,kpersonas
baseline,2011,hotspot,Resto del mundo,"Madera, papel e imprenta",co2eq,12.692252890577734,Mt CO₂eq
baseline,2011,hotspot,Resto del mundo,"Madera, papel e imprenta",materials,0.8297785503717136,Mt
baseline,2011,hotspot,Resto del mundo,"Madera, papel e imprenta",energy,58044.69943234027,TJ
baseline,2011,hotspot,Resto del mundo,Productos químicos,output,732833.6609531873,M€
baseline,2011,hotspot,Resto del mundo,Productos químicos,value_added,298937.0990754152,M€
baseline,2011,hotspot,Resto del mundo,Productos químicos,employment,1722.5985669250538,kpersonas
baseline,2011,hotspot,Resto del mundo,Productos químicos,co2eq,256.49178133361556,Mt CO₂eq
baseline,2011,hotspot,Resto del mundo,Productos químicos,materials,1.4083985623892266,Mt
baseline,2011,hotspot,Resto del mundo,Productos químicos,energy,1832084.1523829682,TJ
baseline,2011,hotspot,Resto del mundo,Refino y combustibles,output,663088.9044949373,M€
baseline,2011,hotspot,Resto del mundo,Refino y combustibles,value_added,132617.78089898746,M€
baseline,2011,hotspot,Resto del mundo,Refino y combustibles,employment,1639.1714264339919,kpersonas
baseline,2011,hotspot,Resto del mundo,Refino y combustibles,co2eq,397.8533426969624,Mt CO₂eq
baseline,2011,hotspot,Resto del mundo,Refino y combustibles,materials,0.5632890480978416,Mt
baseline,2011,hotspot,Resto del mundo,Refino y combustibles,energy,2652355.617979749,TJ
baseline,2011,hotspot,Resto del mundo,Plásticos y caucho,output,465072.0510563597,M€
baseline,2011,hotspot,Resto del mundo,Plásticos y caucho,value_added,183283.1866955988,M€
baseline,2011,hotspot,Resto del mundo,Plásticos y caucho,employment,2719.5509811461793,kpersonas
baseline,2011,hotspot,Resto del mundo,Plásticos y caucho,co2eq,21.76191175445714,Mt CO₂eq
baseline,2011,hotspot,Resto del mundo,Plásticos y caucho,materials,0.3656978660457071,Mt
baseline,2011,hotspot,Resto del mundo,Plásticos y caucho,energy,80954.061835932,TJ
baseline,2011,hotspot,Resto del mundo,Acero y metalurgia primaria,output,727283.2714931674,M€
baseline,2011,hotspot,Resto del mundo,Acero y metalurgia primaria,value_added,181820.81787329185,M€
baseline,2011,hotspot,Resto del mundo,Acero y metalurgia primaria,employment,4097.748691599735,kpersonas
baseline,2011,hotspot,Resto del mundo,Acero y metalurgia primaria,co2eq,509.0982900452172,Mt CO₂eq
baseline,2011,hotspot,Resto del mundo,Acero y metalurgia primaria,materials,20.363931601808687,Mt
baseline,2011,hotspot,Resto del mundo,Acero y metalurgia primaria,energy,2545491.4502260857,TJ
baseline,2011,hotspot,Resto del mundo,Acero secundario y reciclaje,output,121419.10872623452,M€
baseline,2011,hotspot,Resto del mundo,Acero secundario y reciclaje,value_added,48261.30189330417,M€
baseline,2011,hotspot,Resto del mundo,Acero secundario y reciclaje,employment,582.6694836792265,kpersonas
baseline,2011,hotspot,Resto del mundo,Acero secundario y reciclaje,co2eq,30.35477718155863,Mt CO₂eq
baseline,2011,hotspot,Resto del mundo,Acero secundario y reciclaje,materials,2.6712203919771595,Mt
baseline,2011,hotspot,Resto del mundo,Acero secundario y reciclaje,energy,15634.704359791376,TJ
baseline,2011,hotspot,Resto del mundo,Maquinaria y equipos,output,818708.4165947139,M€
baseline,2011,hotspot,Resto del mundo,Maquinaria y equipos,value_added,255982.81644604227,M€
baseline,2011,hotspot,Resto del mundo,Maquinaria y equipos,employment,2508.0967338559117,kpersonas
baseline,2011,hotspot,Resto del mundo,Maquinaria y equipos,co2eq,39.306685646166166,Mt CO₂eq
baseline,2011,hotspot,Resto del mundo,Maquinaria y equipos,materials,8.18708416594714,Mt
baseline,2011,hotspot,Resto del mundo,Maquinaria y equipos,energy,145470.11415226702,TJ
baseline,2011,hotspot,Resto del mundo,Equipos electrónicos,output,776090.9303988698,M€
baseline,2011,hotspot,Resto del mundo,Equipos electrónicos,value_added,281232.93216225976,M€
baseline,2011,hotspot,Resto del mundo,Equipos electrónicos,employment,4560.857846463344,kpersonas
baseline,2011,hotspot,Resto del mundo,Equipos electrónicos,co2eq,25.21881530140773,Mt CO₂eq
baseline,2011,hotspot,Resto del mundo,Equipos electrónicos,materials,1.8723171527146238,Mt
baseline,2011,hotspot,Resto del mundo,Equipos electrónicos,energy,77637.61468341989,TJ
baseline,2011,hotspot,Resto del mundo,Vehículos y partes,output,947712.0803036583,M€
baseline,2011,hotspot,Resto del mundo,Vehículos y partes,value_added,290229.3623832133,M€
baseline,2011,hotspot,Resto del mundo,Vehículos y partes,employment,4847.550717550427,kpersonas
baseline,2011,hotspot,Resto del mundo,Vehículos y partes,co2eq,50.503948315407385,Mt CO₂eq
baseline,2011,hotspot,Resto del mundo,Vehículos y partes,materials,17.05881744546585,Mt
baseline,2011,hotspot,Resto del mundo,Vehículos y partes,energy,78399.90715361663,TJ
baseline,2011,hotspot,Resto del mundo,Construcción,output,1149322.830449152,M€
baseline,2011,hotspot,Resto del mundo,Construcción,value_added,429960.0881232465,M€
baseline,2011,hotspot,Resto del mundo,Construcción,employment,10343.905474042367,kpersonas
baseline,2011,hotspot,Resto del mundo,Construcción,co2eq,206.87810948084737,Mt CO₂eq
baseline,2011,hotspot,Resto del mundo,Construcción,materials,40.22629906572032,Mt
baseline,2011,hotspot,Resto del mundo,Construcción,energy,919458.2643593216,TJ
baseline,2011,hotspot,Resto del mundo,Comercio mayorista y minorista,output,1552026.3252623696,M€
baseline,2011,hotspot,Resto del mundo,Comercio mayorista y minorista,value_added,542400.8903622273,M€
baseline,2011,hotspot,Resto del mundo,Comercio mayorista y minorista,employment,18624.315903148432,kpersonas
baseline,2011,hotspot,Resto del mundo,Comercio mayorista y minorista,co2eq,55.09559229424025,Mt CO₂eq
baseline,2011,hotspot,Resto del mundo,Comercio mayorista y minorista,materials,2.9457737495114533,Mt
baseline,2011,hotspot,Resto del mundo,Comercio mayorista y minorista,energy,258696.59343200398,TJ
baseline,2011,hotspot,Resto del mundo,Transporte y logística,output,1173876.667485021,M€
baseline,2011,hotspot,Resto del mundo,Transporte y logística,value_added,377611.0362250639,M€
baseline,2011,hotspot,Resto del mundo,Transporte y logística,employment,3626.065404448892,kpersonas
baseline,2011,hotspot,Resto del mundo,Transporte y logística,co2eq,293.46916687125525,Mt CO₂eq
baseline,2011,hotspot,Resto del mundo,Transporte y logística,materials,1.4789381542312219,Mt
baseline,2011,hotspot,Resto del mundo,Transporte y logística,energy,158972.56185896695,TJ
baseline,2011,hotspot,Resto del mundo,Energía y suministros,output,758369.3621466152,M€
baseline,2011,hotspot,Resto del mundo,Energía y suministros,value_added,239273.45504535732,M€
baseline,2011,hotspot,Resto del mundo,Energía y suministros,employment,1809.1385342334213,kpersonas
baseline,2011,hotspot,Resto del mundo,Energía y suministros,co2eq,606.6954897172922,Mt CO₂eq
baseline,2011,hotspot,Resto del mundo,Energía y suministros,materials,0.43761293493337794,Mt
baseline,2011,hotspot,Resto del mundo,Energía y suministros,energy,4550216.17287969,TJ
baseline,2011,hotspot,Resto del mundo,Servicios financieros y empresariales,output,1493091.2589986809,M€
baseline,2011,hotspot,Resto del mundo,Servicios financieros y empresariales,value_added,821200.1924492746,M€
baseline,2011,hotspot,Resto del mundo,Servicios financieros y empresariales,employment,11944.730071989447,kpersonas
baseline,2011,hotspot,Resto del mundo,Servicios financieros y empresariales,co2eq,38.20835364799029,Mt CO₂eq
baseline,2011,hotspot,Resto del mundo,Servicios financieros y empresariales,materials,2.376692920788253,Mt
baseline,2011,hotspot,Resto del mundo,Servicios financieros y empresariales,energy,209219.9696087495,TJ
baseline,2011,hotspot,Resto del mundo,Salud y educación,output,720881.5250527164,M€
baseline,2011,hotspot,Resto del mundo,Salud y educación,value_added,432528.9150316298,M€
baseline,2011,hotspot,Resto del mundo,Salud y educación,employment,10092.341350738028,kpersonas
baseline,2011,hotspot,Resto del mundo,Salud y educación,co2eq,20.182035695886462,Mt CO₂eq
baseline,2011,hotspot,Resto del mundo,Salud y educación,materials,0.7471660780140592,Mt
baseline,2011,hotspot,Resto del mundo,Salud y educación,energy,70846.39971075988,TJ
baseline,2011,hotspot,Resto del mundo,Otros servicios,output,461108.1950708969,M€
baseline,2011,hotspot,Resto del mundo,Otros servicios,value_added,202319.52872254397,M€
baseline,2011,hotspot,Resto del mundo,Otros servicios,employment,4611.081950708969,kpersonas
baseline,2011,hotspot,Resto del mundo,Otros servicios,co2eq,9.357956018078387,Mt CO₂eq
baseline,2011,hotspot,Resto del mundo,Otros servicios,materials,0.7014938613920196,Mt
baseline,2011,hotspot,Resto del mundo,Otros servicios,energy,75418.13936685392,TJ
